SPECIES,CASENT,HW,HL,ML,EL,WL
Anochetus mayri,casent0003324,0.737,0.722,0.427,0.1025,1.145
Anochetus mayri,casent0767584,0.84,0.822,0.497,NA,1.215
Anochetus mayri,casent0103554,0.772,0.747,0.451,0.0965,1.132
Anochetus mayri,casent0010834,0.748,0.718,0.4545,0.0835,1.1115
Aphaenogaster ashmeadi,casent0103563,1.013,1.471,0.616,0.2845,2.191
Aphaenogaster ashmeadi,casent0281182,0.976,1.328,0.574,NA,2.033
Aphaenogaster ashmeadi,casent0103560,0.997,1.335,0.2945,0.2425,2.058
Aphaenogaster carolinensis,fmnhins0000049642,0.969,1.269,0.584,0.2615,1.929
Aphaenogaster carolinensis,casent0906104,0.775,1.048,0.479,0.2225,1.594
Aphaenogaster carolinensis,casent0103574,0.776,1.084,0.2285,0.2255,1.494
Aphaenogaster flemingi,casent0103579,0.895,1.24,0.302,0.2305,1.9145
Aphaenogaster floridana,casent0103583,1.02,1.433,0.318,0.293,2.0195
Aphaenogaster fulva,casent0103585,1.087,1.278,0.2425,0.2405,1.6705
Aphaenogaster fulva,casent0104859,0.959,1.206,0.566,0.2195,1.647
Aphaenogaster fulva,casent0105670,0.976,1.238,0.614,NA,1.796
Aphaenogaster fulva,casent0904167,0.828,1.075,0.507,0.197,1.405
Aphaenogaster fulva,focol1231,1.108,1.465,0.695,0.2845,2.175
Aphaenogaster lamellidens,casent0103589,1.1615,1.454,0.321,0.256,2.1705
Aphaenogaster lamellidens,casent0105570,0.938,1.263,0.539,0.1995,1.186
Aphaenogaster lamellidens,casent0900413,0.897,1.109,0.598,0.2225,1.748
Aphaenogaster lamellidens,casent0914470,1.113,1.465,0.633,NA,2.266
Aphaenogaster lamellidens,casent0919793,1.059,1.469,0.652,NA,2.204
Aphaenogaster mariae,casent0105571,1.203,1.489,0.733,0.2755,1.604
Aphaenogaster mariae,casent0907688,0.97,1.133,0.616,0.26,1.887
Aphaenogaster mariae,casent0103599,0.831,1.095,0.2355,0.1875,1.574
Aphaenogaster miamiana,casent0103595,0.979,1.3,0.591,0.279,1.854
Aphaenogaster miamiana,casent0105579,2.037,2.709,1.16,0.447,1.993
Aphaenogaster miamiana,casent0904168,1.086,1.309,0.634,0.2425,1.718
Aphaenogaster miamiana,casent0914472,1.206,1.573,0.667,0.3055,2.322
Aphaenogaster picea,antweb1038008,0.954,1.172,0.507,0.2525,1.794
Aphaenogaster picea,CASENT0104844,1.028,1.247,0.567,NA,NA
Aphaenogaster picea,CASENT0914477,0.976,1.231,0.656,NA,1.767
Aphaenogaster picea,FMNHINS0000049661,1,1.275,0.597,0.225,1.747
Aphaenogaster rudis,casent0914476,0.839,1.115,0.521,0.221,1.63
Aphaenogaster rudis,fmnhins0000062941,0.876,1.113,0.534,0.241,1.758
Aphaenogaster rudis,casent0104843,0.955,1.208,0.2395,0.2265,1.671
Aphaenogaster tennesseensis,casent0103600,1.102,1.283,0.2795,0.2275,1.7675
Aphaenogaster tennesseensis,casent0105672,1.154,1.28,0.68,0.2505,1.856
Aphaenogaster tennesseensis,casent0916081,1.061,1.226,0.593,0.221,1.756
Aphaenogaster tennesseensis,fmnhins0000062930,1.121,1.276,0.652,0.248,1.89
Aphaenogaster texana,CASENT0102827,0.998,1.38,0.603,0.259,1.94
Aphaenogaster texana,CASENT0105547,0.774,1.094,0.552,0.199,1.495
Aphaenogaster texana,CASENT0270854,0.793,1.128,0.518,0.2075,1.68
Aphaenogaster texana,CASENT0914471,0.954,1.292,0.625,0.2675,1.862
Aphaenogaster texana,FMNHINS0000062927,0.967,1.326,0.606,0.267,2.054
Aphaenogaster treatae,casent0914485,1.113,1.494,0.36,0.2765,2.231
Aphaenogaster treatae,casent0103609,0.933,1.258,0.557,NA,1.779
Aphaenogaster treatae,casent0900414,1.055,1.228,0.661,0.2405,1.799
Aphaenogaster treatae,casent0907701,1.044,1.378,0.636,0.2445,2.018
Aphaenogaster treatae,casent0923377,0.876,1.159,0.547,0.2205,1.778
Aphaenogaster umphreyi,casent0103612,0.9855,1.171,0.291,0.165,1.7005
Aphaenogaster umphreyi,casent0900416,0.787,0.96,0.524,NA,1.478
Brachymyrmex depilis,MCZ-ENT00672722,0.374,0.424,0.062,0.0825,0.406
Brachymyrmex depilis,casent0005338,0.402,0.476,0.183,0.0955,NA
Brachymyrmex depilis,casent0106038,0.358,0.409,0.191,0.0795,0.372
Brachymyrmex depilis,casent0179481,0.424,0.461,0.21,0.0915,0.454
Brachymyrmex depilis,fmnhins0000062867,0.344,0.386,0.171,0.0765,0.364
Brachymyrmex minutus,casent0249946,0.291,0.335,0.147,0.076,0.33
Brachymyrmex minutus,casent0767579,0.299,0.344,0.139,0.0785,0.337
Brachymyrmex minutus,casent0903121,0.305,0.375,NA,0.08,0.367
Brachymyrmex minutus,fmnhins0000088667,0.399,0.441,0.168,0.0975,0.392
Brachymyrmex minutus,casent0602037,0.3155,0.367,0.0375,0.088,0.38
Brachymyrmex obscurior,casent0219802,0.412,0.443,0.0675,0.1015,0.44
Brachymyrmex obscurior,casent0104889,0.509,0.527,NA,0.104,0.476
Brachymyrmex obscurior,casent0219804,0.873,0.966,0.403,0.2235,0.974
Brachymyrmex obscurior,casent0249949,0.363,0.397,0.166,0.0825,0.378
Brachymyrmex obscurior,casent0903120,0.422,0.461,0.21,NA,0.462
Brachymyrmex obscurior,usnment00757132,0.365,0.408,0.196,0.095,0.32
Brachymyrmex patagonicus,casent0173480,0.487,0.541,0.257,0.1555,0.546
Brachymyrmex patagonicus,casent0249945,0.403,0.435,0.218,0.12,0.475
Brachymyrmex patagonicus,casent0915732,0.488,0.532,0.254,NA,0.505
Brachymyrmex patagonicus,casent0915986,0.402,0.444,0.198,0.143,0.435
Brachymyrmex patagonicus,casent0915987,0.412,0.464,0.0225,0.1365,0.4905
Brachyponera chinensis,CASENT0104738,0.812,0.917,0.502,0.1445,1.327
Brachyponera chinensis,CASENT0246023,0.893,1.043,0.583,0.163,1.621
Brachyponera chinensis,CASENT0649763,0.941,1.054,0.577,0.182,1.694
Brachyponera chinensis,CASENT0902494,0.935,1.022,0.619,0.1715,1.655
Brachyponera chinensis,CASENT0903937,1.142,1.263,0.717,0.218,1.725
Camponotus americanus,casent0172605,2.248,2.647,1.062,0.6075,3.601
Camponotus americanus,casent0179851,1.877,2.369,0.902,0.542,3.28
Camponotus americanus,casent0280004,2.177,2.5,0.94,0.5755,3.413
Camponotus americanus,casent0911614,1.909,2.357,0.826,0.5685,3.634
Camponotus americanus,casent0280005,1.3065,1.974,0.2195,0.4665,3.043
Camponotus americanus,casent0911613,2.693,3.019,0.2365,0.629,3.889
Camponotus chromaiodes,CASENT0104763,2.652,2.711,1.132,0.582,3.742
Camponotus chromaiodes,FMNHINS0000045774,3.71,3.383,1.381,0.701,NA
Camponotus chromaiodes,CASENT0102534,3.746,3.274,1.495,0.717,4.533
Camponotus caryae,casent0103652,1.526,1.62,0.3505,0.38,2.2965
Camponotus caryae,casent0249371,1.229,1.384,0.565,0.41,1.878
Camponotus caryae,casent0914444,1.194,1.341,0.474,NA,1.928
Camponotus caryae,fmnhins0000045723,2.105,2.098,0.743,0.4675,2.701
Camponotus castaneus,casent0104761,1.891,2.367,0.819,0.5875,3.886
Camponotus castaneus,casent0280007,1.543,2.117,0.887,0.546,NA
Camponotus castaneus,casent0906103,2.125,2.684,0.99,0.6375,3.992
Camponotus castaneus,casent0103654,1.5425,2.186,0.3185,0.5355,3.283
Camponotus castaneus,casent0103653,2.695,3.076,1.077,0.6785,4.133
Camponotus castaneus,casent0104977,3.532,3.415,1.222,0.754,4.849
Camponotus castaneus,casent0280006,3.033,3.157,1.103,0.67,4.233
Camponotus castaneus,casent0172603,1.848,2.203,0.2945,0.5025,3.4595
Camponotus decipiens,casent0249367,1.316,1.513,0.551,0.3925,2.164
Camponotus decipiens,casent0905404,1.019,1.208,0.429,0.3405,NA
Camponotus decipiens,fmnhins0000045842,0.991,1.157,0.432,0.3165,1.771
Camponotus decipiens,casent0103667,1.073,1.325,0.2135,0.3295,2.014
Camponotus decipiens,casent0103658,2.055,2.055,0.67,0.447,2.825
Camponotus decipiens,casent0103666,3.207,3.383,1.19,0.8435,5.305
Camponotus decipiens,casent0249368,2.294,2.398,0.4325,0.494,2.901
Camponotus discolor,casent0249369,1.3,1.428,0.511,0.3705,1.839
Camponotus discolor,casent0103668,1.939,1.902,0.671,0.4395,2.86
Camponotus discolor,casent0103670,1.7875,1.867,0.266,0.438,2.3825
Camponotus floridanus,casent0103673,1.44,1.776,0.703,0.482,2.754
Camponotus floridanus,fmnhins0000062856,1.326,1.74,0.318,0.4425,2.7505
Camponotus floridanus,casent0103672,3.291,3.241,1.206,0.709,3.662
Camponotus floridanus,casent0104894,3.0765,3.184,0.446,0.6185,3.713
Camponotus inaequalis,CASENT0103716,2.187,2.531,0.917,0.6715,3.431
Camponotus inaequalis,CASENT0103717,1.137,1.802,0.673,0.5095,2.734
Camponotus inaequalis,CASENT0103721,1.996,2.364,0.777,0.5385,2.757
Camponotus inaequalis,CASENT0280041,1.886,2.333,0.768,0.5915,3.297
Camponotus inaequalis,CASENT0280042,0.961,1.572,0.506,0.4605,2.369
Camponotus inaequalis,CASENT0905263,2.07,2.405,0.917,0.5555,3.175
Camponotus nearcticus,casent0103685,1.0075,1.21,0.1,0.3105,1.718
Camponotus nearcticus,casent0103689,1.5115,1.664,0.224,0.403,2.5275
Camponotus novaeboracensis,ANTWEB1041671,2.334,2.308,0.931,0.521,3.128
Camponotus novaeboracensis,CASENT0103348,2.828,2.498,1.039,0.577,3.427
Camponotus novaeboracensis,CASENT0103349,2.54,2.356,0.98,NA,3.453
Camponotus novaeboracensis,CASENT0179612,1.564,1.678,0.596,0.415,2.612
Camponotus novaeboracensis,CASENT0179847,1.801,1.89,0.723,0.421,2.639
Camponotus novaeboracensis,CASENT0280012,2.657,2.406,0.903,0.52,3.091
Camponotus novaeboracensis,CASENT0280013,1.328,1.462,0.579,0.3815,2.006
Camponotus novogranadensis,casent0280072,0.978,1.146,0.44,0.311,1.669
Camponotus novogranadensis,ecofog-it14-0821-05,1.111,1.271,0.602,0.3045,1.456
Camponotus novogranadensis,casent0173434,1.07,1.361,0.1215,0.3405,1.386
Camponotus novogranadensis,casent0915797,1.714,1.882,0.64,0.3785,2.344
Camponotus novogranadensis,casent0280071,1.839,2.062,0.3775,0.4115,2.273
Camponotus pennsylvanicus,antweb1038001,2.924,2.671,1.192,0.592,3.752
Camponotus pennsylvanicus,casent0103692,2.951,2.846,0.478,0.5685,3.981
Camponotus pennsylvanicus,casent0179608,1.769,1.888,0.817,0.4835,2.847
Camponotus pennsylvanicus,casent0105677,1.763,2.02,0.829,NA,3.154
Camponotus pennsylvanicus,casent0103694,1.8585,2.185,0.247,0.521,2.9445
Camponotus planatus,casent0280091,1.343,1.384,0.522,NA,1.973
Camponotus planatus,fmnhins0000062858,1.109,1.151,0.435,0.3385,1.597
Camponotus planatus,casent0103700,0.887,1.034,0.098,0.306,1.349
Camponotus planatus,casent0103696,1.529,1.521,0.531,0.3895,1.794
Camponotus planatus,casent0280090,2.309,2.101,0.791,0.5715,2.708
Camponotus planatus,casent0246647,1.814,1.732,0.1655,0.4375,2.012
Camponotus sansabeanus,CASENT0005350,3.377,2.91,1.235,NA,3.526
Camponotus sansabeanus,CASENT0102780,1.126,1.406,0.616,0.411,2.102
Camponotus sansabeanus,CASENT0280033,3.111,2.958,1.289,0.602,3.504
Camponotus sansabeanus,CASENT0280034,1.674,1.882,0.752,0.5015,2.594
Camponotus sansabeanus,CASENT0840931,2.068,2.486,0.961,0.55,4.027
Camponotus sansabeanus,CASENT0882211,3.183,2.973,1.241,0.632,3.674
Camponotus sexguttatus,casent0103710,0.919,1.252,0.427,0.364,1.821
Camponotus sexguttatus,casent0249404,0.743,1.007,0.382,0.296,1.583
Camponotus sexguttatus,casent0903635,0.852,1.219,0.496,0.359,1.847
Camponotus sexguttatus,casent0249405,0.832,1.183,0.124,0.3415,1.8705
Camponotus sexguttatus,casent0103709,1.467,1.562,0.564,0.4345,1.948
Camponotus sexguttatus,casent0173451,1.611,1.616,0.586,0.4725,2.23
Camponotus sexguttatus,casent0903629,1.395,1.493,0.538,0.446,2.258
Camponotus sexguttatus,casent0246661,1.358,1.541,0.176,0.4035,1.997
Camponotus snellingi,casent0103732,1.2095,1.428,0.233,0.3165,2.1385
Camponotus snellingi,casent0103730,1.703,1.767,0.3405,0.3565,2.771
Camponotus socius,casent0105678,1.941,1.959,1.127,0.5305,3.708
Camponotus socius,casent0103712,1.5845,2.204,0.286,0.503,3.806
Camponotus socius,casent0103711,3.051,3.271,0.5195,0.6235,4.4175
Camponotus subbarbatus,CASENT0103352,1.89,1.853,0.642,0.4355,2.361
Camponotus subbarbatus,CASENT0103353,1.874,1.856,0.623,0.4275,2.833
Camponotus subbarbatus,CASENT0105679,1.019,1.173,0.425,0.3195,1.673
Camponotus subbarbatus,CASENT0905405,1.481,1.57,0.531,0.3755,2.136
Cardiocondyla emeryi,casent0103733,0.372,0.479,0.207,0.112,0.507
Cardiocondyla emeryi,casent0171087,0.468,0.591,0.287,0.131,0.531
Cardiocondyla emeryi,casent0235428,0.276,0.349,0.146,0.0855,0.397
Cardiocondyla emeryi,casent0906359,0.363,0.464,0.191,0.1045,0.509
Cardiocondyla emeryi,casent0908342,0.37,0.458,0.199,0.109,0.524
Cardiocondyla emeryi,casent0005964,0.34,0.451,0.0345,0.087,0.52
Cardiocondyla mauritanica,casent0103167,0.418,0.523,0.25,0.1255,0.699
Cardiocondyla mauritanica,casent0172607,0.45,0.564,0.268,0.1275,0.65
Cardiocondyla mauritanica,casent0901755,0.438,0.552,0.243,0.1175,0.604
Cardiocondyla mauritanica,casent0908345,0.45,0.52,0.275,NA,0.736
Cardiocondyla mauritanica,casent0005678,0.47,0.584,0.1115,0.1245,0.69
Cardiocondyla minutior,casent0102306,0.338,0.436,0.183,0.0945,0.499
Cardiocondyla minutior,casent0103436,0.367,0.464,0.21,NA,0.555
Cardiocondyla minutior,casent0196173,0.371,0.458,0.197,NA,0.551
Cardiocondyla minutior,casent0171077,0.3355,0.443,0.052,0.089,0.508
Cardiocondyla nuda,CASENT0178361,0.375,0.486,0.171,0.113,0.615
Cardiocondyla nuda,CASENT0181806,0.405,0.533,0.234,0.1245,0.62
Cardiocondyla nuda,CASENT0919732,0.303,0.391,0.189,0.0855,0.502
Cardiocondyla nuda,FMNHINS0000051550,0.435,0.538,0.221,NA,0.676
Cardiocondyla obscurior,casent0103429,0.359,0.41,0.189,0.1025,0.52
Cardiocondyla obscurior,casent0103752,0.35,0.447,0.206,0.106,0.567
Cardiocondyla obscurior,casent0171038,0.387,0.456,0.201,0.106,0.548
Cardiocondyla obscurior,casent0901754,0.428,0.478,0.212,0.118,0.637
Cardiocondyla obscurior,casent0103430,0.3445,0.415,0.054,0.086,0.5105
Cardiocondyla venustula,antweb1041254,0.447,0.563,0.25,0.125,0.722
Cardiocondyla venustula,casent0119699,0.493,0.596,0.274,0.134,0.75
Cardiocondyla venustula,focol1607,0.42,0.518,0.225,0.115,0.617
Cardiocondyla venustula,casent0103747,0.4345,0.564,0.068,0.1115,0.658
Cardiocondyla wroughtonii,antweb1041255,0.356,0.435,0.182,NA,0.578
Cardiocondyla wroughtonii,casent0060052,0.381,0.47,0.203,0.1005,0.452
Cardiocondyla wroughtonii,casent0171166,0.53,0.655,0.27,0.1335,0.549
Cardiocondyla wroughtonii,casent0901753,0.403,0.479,0.205,0.114,0.574
Cardiocondyla wroughtonii,casent0102969,0.341,0.426,0.049,0.094,0.4645
Cephalotes varians,casent0103755,1.17,1.094,0.164,0.2375,1.173
Cephalotes varians,casent0922527,1.259,1.179,NA,0.2555,1.3
Cephalotes varians,casent0103759,1.082,1.062,0.133,0.187,1.0545
Cephalotes varians,casent0922526,1.607,1.941,0.196,NA,1.633
Cephalotes varians,casent0103758,1.6735,2.124,0.315,0.3025,1.638
Colobopsis impressa,casent0103679,0.835,0.945,0.311,0.2415,1.153
Colobopsis impressa,casent0249380,0.788,0.882,0.275,0.2625,1.169
Colobopsis impressa,fmnhins0000088668,0.809,0.899,0.27,0.26,1.189
Colobopsis impressa,casent0249381,1.1,1.228,0.39,0.3325,1.497
Colobopsis impressa,fmnhins0000088681,1.041,1.122,0.389,0.317,1.376
Colobopsis impressa,casent0103678,1.0695,1.086,0.0805,0.269,1.3815
Colobopsis mississippiensis,CASENT0103236,0.718,0.821,0.254,0.2305,1.176
Colobopsis mississippiensis,CASENT0103355,0.658,0.801,0.24,0.2035,0.949
Colobopsis mississippiensis,CASENT0103356,1.032,1.225,0.362,0.273,1.356
Colobopsis mississippiensis,CASENT0103357,1.197,1.363,0.409,0.3155,1.551
Colobopsis mississippiensis,CASENT0105676,0.795,0.92,0.285,NA,1.149
Colobopsis mississippiensis,FMNHINS0000045811,1.19,1.299,0.444,0.3305,1.55
Colobopsis obliqua,CASENT0103722,1.015,1.162,0.37,0.282,1.304
Colobopsis obliqua,CASENT0103723,0.754,0.855,0.269,0.226,1.071
Colobopsis obliqua,CASENT0105585,1.053,1.22,0.463,0.2955,1.241
Colobopsis riehlii,fmnhins0000088682,0.967,1.063,0.355,0.2945,1.366
Colobopsis riehlii,casent0103727,0.994,1.095,0.324,0.3025,1.406
Colobopsis riehlii,casent0103728,0.875,0.947,0.31,0.511,1.141
Colobopsis riehlii,casent0914449,0.792,0.861,0.271,0.2475,1.2
Colobopsis riehlii,casent0914448,1.166,1.305,0.44,0.3325,1.477
Colobopsis riehlii,casent0103726,1.155,1.178,0.322,0.3375,1.7
Colobopsis riehlii,fmnhins0000088669,0.8535,0.92,0.069,0.2355,1.147
Crematogaster ashmeadi,casent0103765,0.8,0.707,0.328,0.1765,0.822
Crematogaster ashmeadi,casent0919694,0.846,0.745,0.353,0.1885,0.907
Crematogaster ashmeadi,casent0922720,0.776,0.711,0.34,0.1705,0.877
Crematogaster ashmeadi,focol1506-1,0.799,0.73,0.294,0.1955,0.872
Crematogaster ashmeadi,ent00669688,0.767,0.745,0.109,0.178,0.8635
Crematogaster atkinsoni,casent0103768,0.93,0.874,0.415,0.221,1.09
Crematogaster atkinsoni,casent0901443,0.673,0.661,0.342,0.1485,0.854
Crematogaster atkinsoni,casent0914490,1.126,0.957,0.478,0.2365,1.283
Crematogaster atkinsoni,casent0922730,0.921,0.856,0.426,0.2075,1.097
Crematogaster atkinsoni,casent0103770,0.95,0.941,0.103,0.2085,0.985
Crematogaster cerasi,casent0103776,0.868,0.811,0.39,0.207,0.905
Crematogaster cerasi,casent0179856,0.897,0.854,0.428,0.2185,1.002
Crematogaster cerasi,usnment00529078,0.843,0.766,0.368,0.1915,0.962
Crematogaster cerasi,casent0922725,0.993,0.951,0.1295,0.216,1.141
Crematogaster laeviuscula,CASENT0005669,0.994,0.928,0.437,0.233,1.139
Crematogaster laeviuscula,CASENT0103770,0.976,0.926,0.452,0.2095,1.019
Crematogaster laeviuscula,CASENT0104828,1.229,1.097,0.491,0.23,1.423
Crematogaster laeviuscula,CASENT0217850,0.9,0.861,NA,NA,1.022
Crematogaster laeviuscula,CASENT0922730,0.899,0.837,0.411,0.207,1.074
Crematogaster laeviuscula,FMNHINS0000088664,0.901,0.836,0.435,0.204,0.973
Crematogaster lineolata,casent0104694,0.81,0.752,0.354,0.203,0.694
Crematogaster lineolata,casent0904536,NA,0.694,0.347,0.1785,0.861
Crematogaster lineolata,casent0912717,0.802,0.754,0.398,0.204,0.907
Crematogaster lineolata,casent0103781,0.794,0.819,0.1,0.189,0.895
Crematogaster minutissima,casent0103789,0.492,0.533,0.271,0.133,0.627
Crematogaster minutissima,casent0914573,0.466,0.514,0.229,NA,0.536
Crematogaster minutissima,jtlc000006537,0.522,0.537,0.268,0.143,0.633
Crematogaster minutissima,fmnhins0000047839,0.47,0.52,0.066,0.137,0.598
Crematogaster missouriensis,casent0103795,0.52,0.522,0.282,0.16,0.652
Crematogaster missouriensis,casent0172944,0.527,0.524,0.273,0.153,0.661
Crematogaster missouriensis,casent0648379,0.534,0.556,0.278,0.1595,0.662
Crematogaster missouriensis,casent0102833,0.4875,0.517,0.018,0.161,0.569
Crematogaster obscurata,casent0103800,0.465,0.465,0.229,0.1345,0.591
Crematogaster obscurata,fmnhins0000088665,0.571,0.567,0.258,0.1625,0.646
Crematogaster obscurata,inbiocri001280847,0.561,0.551,0.248,0.1485,0.668
Crematogaster obscurata,casent0914637,0.6205,0.638,0.078,0.176,0.7895
Crematogaster parapilosa,CASENT0863386,0.942,0.864,0.456,0.218,1.083
Crematogaster pilosa,casent0193165,0.814,0.787,0.407,NA,1.008
Crematogaster pilosa,casent0914530,0.899,0.807,0.404,0.2135,1.014
Crematogaster pilosa,casent0919707,0.736,0.67,0.342,0.1665,0.806
Crematogaster pilosa,casent0103806,0.9365,0.862,0.1015,0.218,0.9965
Crematogaster pinicola,casent0105680,0.856,0.78,NA,NA,0.94
Crematogaster pinicola,casent0914531,0.877,0.781,0.372,NA,0.995
Crematogaster pinicola,casent0172943,0.831,0.764,0.106,0.162,0.825
Crematogaster vermiculata,casent0103810,0.726,0.698,0.318,0.193,0.907
Crematogaster vermiculata,casent0914534,0.893,0.817,0.411,0.2075,0.878
Crematogaster vermiculata,casent0923320,0.633,0.599,0.282,NA,0.742
Crematogaster vermiculata,casent0005673,0.9515,0.919,0.451,0.254,1.1035
Cryptopone gilva,casent0003325,0.799,0.875,0.474,NA,1.235
Cryptopone gilva,casent0103829,0.742,0.796,0.428,NA,1.086
Cryptopone gilva,casent0915270,0.675,0.725,0.411,NA,1.081
Cryptopone gilva,fmnhins0000050343,0.839,0.881,0.488,NA,1.252
Cryptopone gilva,casent0260410,0.689,0.753,0.27,0.034,1.062
Cyphomyrmex minutus,casent0173957,0.535,0.504,0.194,0.129,0.719
Cyphomyrmex minutus,casent0909378,0.618,0.688,0.347,0.171,1.055
Cyphomyrmex minutus,fmnhins0000062861,0.644,0.624,0.254,0.151,0.915
Cyphomyrmex minutus,casent0103832,0.699,0.687,0.105,0.142,0.991
Cyphomyrmex rimosus,casent0103839,0.694,0.687,0.332,0.1805,1.114
Cyphomyrmex rimosus,casent0919614,0.568,0.535,0.188,0.129,0.823
Cyphomyrmex rimosus,fmnhins0000046091,0.709,0.742,0.323,NA,1.137
Cyphomyrmex rimosus,casent0923105,0.742,0.795,0.18,0.164,1.112
Discothyrea testacea,casent0004651,0.341,0.406,0.104,NA,0.449
Discothyrea testacea,casent0006058,0.354,0.433,0.143,NA,0.452
Discothyrea testacea,casent0270725,0.396,0.482,0.193,NA,0.503
Discothyrea testacea,casent0103847,0.406,0.511,0.0105,0.015,0.478
Dolichoderus mariae,casent0103850,0.81,0.904,0.377,0.236,1.215
Dolichoderus mariae,casent0909456,0.955,1.011,0.393,0.2865,1.463
Dolichoderus mariae,fmnhins0000045063,0.872,0.956,0.399,0.2405,1.326
Dolichoderus mariae,casent0003312,0.94,1.047,0.22,0.2665,1.332
Dolichoderus plagiatus,ANTWEB1041579,0.81,0.859,0.393,0.246,1.224
Dolichoderus plagiatus,CASENT0104779,0.786,0.897,0.35,0.222,1.112
Dolichoderus plagiatus,CASENT0915561,0.764,0.882,0.351,0.2465,1.351
Dolichoderus pustulatus,casent0103855,0.871,0.95,0.379,0.2615,1.207
Dolichoderus pustulatus,casent0249578,0.704,0.736,0.336,0.2245,1.062
Dolichoderus pustulatus,fmnhins0000045072,0.755,0.833,0.325,0.227,1.184
Dolichoderus pustulatus,casent0902960,0.722,0.799,0.2075,0.2425,1.166
Dolichoderus taschenbergi,ANTWEB1041580,0.823,0.902,0.397,0.2345,1.245
Dolichoderus taschenbergi,CASENT0005172,0.798,0.884,0.365,0.2325,1.173
Dolichoderus taschenbergi,CASENT0249580,0.81,0.89,0.384,0.2335,1.139
Dolichoderus taschenbergi,CASENT0915568,0.835,0.916,0.421,0.2215,1.359
Dolichoderus taschenbergi,FMNHINS0000045083,0.918,0.958,0.439,0.2545,1.36
Dorymyrmex bossutus,casent0103858,0.697,0.81,0.381,0.214,1.008
Dorymyrmex bossutus,casent0105876,0.5355,0.609,0.089,0.162,0.971
Dorymyrmex bureni,casent0249670,0.692,0.778,0.366,0.2255,1.084
Dorymyrmex bureni,fmnhins0000062862,0.807,0.857,0.421,0.27,1.28
Dorymyrmex bureni,casent0103863,0.727,0.832,0.412,0.2135,1.124
Dorymyrmex bureni,casent0281176,0.865,0.974,0.1385,0.2525,1.315
Dorymyrmex elegans,casent0103876,0.675,0.846,0.438,0.224,1.42
Dorymyrmex elegans,casent0249671,0.65,0.807,0.417,0.2185,1.406
Dorymyrmex elegans,casent0003314,0.688,0.863,0.1465,0.2065,1.282
Dorymyrmex flavopectus,casent0103887,0.7305,0.874,0.1825,0.203,1.213
Dorymyrmex flavus,CASENT0005321,0.84,0.928,NA,0.2585,1.21
Dorymyrmex flavus,CASENT0104736,0.775,0.86,0.418,0.257,1.141
Dorymyrmex flavus,CASENT0249674,0.624,0.67,0.392,0.243,0.971
Dorymyrmex flavus,CASENT0902983,0.791,0.87,0.434,0.2705,1.14
Dorymyrmex flavus,FMNHINS0000045102,0.973,1.059,0.485,0.255,1.414
Dorymyrmex grandulus,casent0911036,0.688,0.816,0.414,0.2215,1.156
Dorymyrmex grandulus,casent0103878,0.6135,0.76,0.1125,0.1845,1.0775
Dorymyrmex insanus,CASENT0005319,0.8,0.871,0.409,0.1805,0.458
Dorymyrmex insanus,CASENT0102753,0.735,0.836,0.425,0.2555,1.062
Dorymyrmex insanus,CASENT0179520,0.718,0.788,0.391,0.2265,1.094
Dorymyrmex insanus,CASENT0249672,0.705,0.8,0.422,0.2335,1.057
Dorymyrmex insanus,CASENT0732617,0.692,0.79,0.335,0.2045,1.018
Dorymyrmex reginicula,casent0103900,0.878,0.954,0.1295,0.265,1.303
Dorymyrmex smithi,CASENT0103445,0.913,0.94,0.463,0.261,1.166
Eurhopalothrix floridana,casent0006100,0.625,0.577,0.195,0.043,0.71
Eurhopalothrix floridana,casent0914898,0.655,0.597,0.206,0.0425,0.74
Eurhopalothrix floridana,fmnhins0000047628,0.61,0.596,0.184,0.038,0.7
Eurhopalothrix floridana,casent0003195,0.607,0.557,0.143,0.0405,0.654
Forelius mccooki,CASENT0005322,0.796,0.946,0.411,0.1735,0.67
Forelius mccooki,CASENT0102754,0.523,0.611,0.264,0.1445,0.74
Forelius mccooki,CASENT0249692,0.489,0.575,0.288,0.142,0.717
Forelius mccooki,CASENT0909716,0.631,0.695,0.325,0.1805,1.05
Forelius mccooki,CASENT0922449,0.478,0.566,NA,0.1375,0.694
Forelius pruinosus,casent0103912,0.512,0.585,0.268,0.146,0.782
Forelius pruinosus,casent0249696,0.623,0.654,0.356,0.1655,0.931
Forelius pruinosus,casent0915583,0.606,0.687,0.353,0.143,0.792
Forelius pruinosus,fmnhins0000062863,0.515,0.594,0.286,0.1415,0.741
Forelius pruinosus,casent0249695,0.489,0.57,0.059,0.126,0.7235
Formica archboldi,casent0103921,1.317,1.659,0.753,0.5225,2.749
Formica archboldi,casent0105592,1.274,1.589,0.842,0.4805,2.634
Formica archboldi,casent0104886,1.129,1.44,0.252,0.4135,2.3745
Formica argentea,ANTWEB1041662,1.393,1.539,0.731,0.561,2.448
Formica argentea,CASENT0005361,1.457,1.628,0.701,0.5275,2.389
Formica argentea,CASENT0102159,1.549,1.636,0.674,0.576,2.529
Formica argentea,CASENT0179849,1.449,1.656,0.714,0.582,2.5
Formica argentea,FMNHINS0000062555,1.578,1.701,0.725,NA,2.673
Formica biophilica,casent0103945,1.347,1.759,0.766,0.463,2.601
Formica biophilica,casent0105556,1.281,1.656,0.712,0.5045,3.339
Formica biophilica,casent0280343,1.192,1.5,0.776,0.4035,2.426
Formica biophilica,casent0103499,1.133,1.456,0.1705,0.373,2.489
Formica difficilis,CASENT0102161,1.512,1.693,0.792,0.454,2.275
Formica difficilis,CASENT0105549,1.249,1.463,0.627,0.374,1.936
Formica difficilis,CASENT0280414,1.454,1.603,0.763,0.4285,2.241
Formica dolosa,casent0179861,1.256,1.563,0.745,0.424,2.498
Formica dolosa,casent0911066,1.585,1.84,0.947,0.5755,3.066
Formica dolosa,casent0103933,1.204,1.628,0.2315,0.4255,2.8845
Formica exsectoides,CASENT0104768,1.797,1.812,0.871,0.517,2.683
Formica exsectoides,CASENT0911093,1.703,1.797,0.853,0.4975,2.449
Formica exsectoides,FMNHINS0000046254,1.568,1.648,0.764,0.4555,2.562
Formica fusca,ANTWEB1008410,1.138,1.34,0.588,0.389,2.017
Formica fusca,CASENT0173170,1.249,1.441,0.629,0.438,1.864
Formica fusca,CASENT0179924,2.754,3.217,1.305,0.986,4.425
Formica fusca,CASENT0280385,1.338,1.503,0.577,0.49,2.356
Formica fusca,FMNHINS0000046280,1.349,1.59,0.653,0.4735,2.315
Formica incerta,CASENT0105553,1.374,1.622,0.809,0.457,2.613
Formica incerta,CASENT0172881,1.204,1.474,0.655,0.436,2.43
Formica incerta,CASENT0172884,1.573,1.816,0.773,0.496,2.873
Formica incerta,CASENT0280344,1.481,1.747,0.829,0.498,2.971
Formica incerta,CASENT0280346,1.552,1.732,0.826,0.4945,2.765
Formica integra,ANTWEB1041665,1.577,1.704,0.826,0.4855,2.533
Formica integra,ANTWEB1041666,1.765,1.878,0.948,0.5085,2.668
Formica integra,CASENT0105554,1.993,2.2,0.957,0.5145,2.678
Formica integra,CASENT0280396,1.66,1.758,0.824,0.477,2.475
Formica neorufibarbis,CASENT0005371,1.231,1.393,0.61,0.44,1.963
Formica neorufibarbis,CASENT0102152,1.154,1.297,0.575,0.3945,1.708
Formica neorufibarbis,CASENT0103329,1.195,1.323,0.56,0.429,1.983
Formica neorufibarbis,CASENT0103330,1.413,1.49,0.586,0.466,2.064
Formica neorufibarbis,CASENT0280366,1.399,1.475,0.648,0.4505,1.973
Formica obscuriventris,CASENT0104769,1.993,2.102,0.924,0.5335,3.122
Formica obscuriventris,CASENT0179609,1.592,1.678,0.75,0.4415,2.24
Formica obscuriventris,CASENT0633325,1.882,1.967,0.911,0.523,2.803
Formica obscuriventris,CASENT0911083,1.759,1.823,0.851,0.456,2.439
Formica obscuriventris,FMNHINS0000062712,1.606,1.647,0.871,0.475,2.478
Formica pallidefulva,casent0103931,1.034,1.34,0.641,0.4085,2.381
Formica pallidefulva,casent0905709,0.993,1.184,0.6,0.4315,2.761
Formica pallidefulva,casent0915638,1.225,1.493,0.683,0.3885,2.315
Formica pallidefulva,casent0103932,0.9835,1.259,0.164,0.3515,2.086
Formica rubicunda,CASENT0104869,1.718,1.776,0.74,0.4715,2.89
Formica rubicunda,CASENT0104884,2.179,2.166,0.909,0.606,2.844
Formica rubicunda,CASENT0905693,2.273,2.246,1.05,0.604,3.253
Formica subintegra,antweb1041683,1.526,1.586,0.707,0.4505,2.178
Formica subintegra,CASENT0280425,1.008,1.147,0.516,0.3305,1.795
Formica subintegra,CASENT0905694,1.809,1.856,0.769,0.4955,2.931
Formica subintegra,CASENT0104771,1.466,1.588,0.688,0.4495,2.345
Formica subsericea,casent0179853,1.33,1.526,0.679,0.499,2.27
Formica subsericea,casent0280362,1.609,1.849,0.827,0.5895,2.676
Formica subsericea,casent0281180,1.685,1.896,0.818,0.5885,2.798
Formica subsericea,casent0103942,1.378,1.648,0.172,0.5105,2.502
Hypoponera inexorata,casent0103956,0.621,0.693,0.367,NA,0.902
Hypoponera inexorata,casent0065779,0.53,0.642,0.318,NA,0.894
Hypoponera inexorata,casent0647600,0.99,1.045,0.608,NA,1.555
Hypoponera inexorata,fmnhins0000088658,0.626,0.696,0.386,NA,0.991
Hypoponera inexorata,casent0102904,0.6725,0.755,0.259,0.045,1.042
Hypoponera opaciceps,casent0103952,0.626,0.715,0.37,0.0455,0.926
Hypoponera opaciceps,casent0104122,0.608,0.696,0.335,0.0415,1.016
Hypoponera opaciceps,casent0246006,0.689,0.752,0.413,NA,1.071
Hypoponera opaciceps,casent0915870,0.644,0.731,0.332,0.048,1.049
Hypoponera opaciceps,casent0104663,0.66,0.761,0.22,0.0425,1.0755
Hypoponera opacior,casent0103966,0.579,0.705,0.355,0.032,0.857
Hypoponera opacior,casent0907333,0.525,0.616,0.333,NA,0.98
Hypoponera opacior,fmnhins0000062864,0.502,0.584,0.309,NA,0.794
Hypoponera opacior,casent0102905,0.5145,0.622,0.172,0.0265,0.816
Hypoponera punctatissima,casent0103973,0.697,0.851,0.305,NA,0.853
Hypoponera punctatissima,casent0103976,0.48,0.588,0.32,NA,0.724
Hypoponera punctatissima,casent0217521,0.345,0.419,0.197,NA,0.581
Hypoponera punctatissima,casent0915190,0.54,0.63,0.335,NA,0.802
Hypoponera punctatissima,casent0005437,0.5225,0.626,0.197,0.027,0.852
Lasius alienus,CASENT0172724,0.829,0.893,0.412,NA,1.065
Lasius alienus,CASENT0179927,0.743,0.801,0.387,0.2135,0.951
Lasius alienus,CFH000015,0.878,0.986,0.406,0.2885,1.468
Lasius alienus,CFH000018,1.681,1.76,0.819,0.3855,1.603
Lasius alienus,FOCOL0754,0.751,0.815,0.402,0.211,1.035
Lasius americanus,casent0102801,0.812,0.903,0.424,0.2265,0.997
Lasius americanus,casent0179854,0.772,0.846,0.389,NA,0.911
Lasius americanus,casent0905677,0.759,0.809,0.338,0.221,1.102
Lasius americanus,casent0103987,0.773,0.885,0.0935,0.2135,1.022
Lasius aphidicola,CASENT0005409,0.974,1.024,0.496,0.1605,1.206
Lasius aphidicola,CASENT0103993,0.959,1.002,0.489,0.17,1.153
Lasius aphidicola,CASENT0280468,0.919,0.956,0.465,0.1715,1.238
Lasius brevicornis,CASENT0005406,0.821,0.904,0.428,0.092,1.079
Lasius brevicornis,CASENT0102802,0.787,0.833,0.376,NA,1.002
Lasius brevicornis,CASENT0260130,0.899,0.907,0.443,0.1205,1.073
Lasius brevicornis,CASENT0280456,0.766,0.808,0.394,0.0925,0.999
Lasius brevicornis,CASENT0905678,0.78,0.815,0.473,NA,1.015
Lasius claviger,ANTWEB1041645,1.154,1.139,0.577,0.159,1.498
Lasius claviger,CASENT0103541,1.036,1.062,0.533,0.141,1.244
Lasius claviger,CASENT0103542,1.07,1.067,0.557,0.147,1.327
Lasius claviger,CASENT0280435,0.992,1.01,0.571,NA,1.155
Lasius interjectus,casent0103545,1.425,1.372,0.741,0.1845,1.65
Lasius interjectus,casent0105573,1.271,1.236,0.697,0.183,1.559
Lasius interjectus,casent0102696,1.3445,1.284,0.206,0.17,1.56
Lasius murphyi,CASENT0005400,0.918,0.961,0.516,0.095,1.135
Lasius murphyi,CASENT0911058,0.919,0.942,0.545,0.125,1.259
Lasius neoniger,casent0103980,0.807,0.848,0.41,0.2025,1.039
Lasius neoniger,casent0179850,0.762,0.828,0.411,0.204,1.103
Lasius neoniger,casent0905676,0.724,0.786,0.407,0.1965,1.037
Lasius neoniger,casent0005403,0.821,0.91,0.1805,0.2245,1.077
Lasius nearcticus,casent0104774,0.65,0.695,0.376,0.077,0.842
Lasius nearcticus,ANTWEB1041743,0.793,0.866,0.467,0.073,0.941
Lasius pallitarsis,ANTWEB1038011,1.002,1.091,0.528,0.256,1.417
Lasius pallitarsis,CASENT0005405,1.136,1.155,0.571,0.278,1.38
Lasius pallitarsis,CASENT0102805,1.014,0.878,0.54,0.226,1.298
Lasius pallitarsis,CASENT0280439,1.006,1.04,0.51,0.256,1.283
Lasius pallitarsis,CASENT0919966,1.038,1.052,0.523,0.2575,1.288
Lasius plumopilosus,CASENT0103493,0.849,0.88,0.447,0.11,0.995
Lasius plumopilosus,CASENT0105575,0.847,0.867,0.464,0.094,1.12
Lasius pubescens,CASENT0103497,0.973,1.019,0.49,NA,1.137
Lasius pubescens,CASENT0105576,0.941,0.943,0.509,0.153,1.59
Lasius pubescens,CASENT0903202,1.002,1.002,0.5,NA,1.3
Lasius speculiventris,CASENT0103508,1.011,1.032,0.538,0.148,1.1
Lasius speculiventris,CASENT0105613,0.892,0.891,0.466,0.1555,1.293
Lasius speculiventris,CASENT0905687,0.936,0.953,0.515,NA,NA
Lasius subglaber,CASENT0104878,0.872,0.928,0.502,0.103,1.043
Lasius subglaber,CASENT0105546,0.987,0.982,0.503,NA,NA
Lasius subglaber,CASENT0280438,0.983,1.029,0.526,0.136,1.187
Lasius subglaber,CASENT0905688,1.01,1.014,0.526,0.133,1.246
Lasius subglaber,CASENT0905689,0.914,0.949,0.482,NA,1.018
Lasius umbratus,casent0903215,0.933,0.967,0.508,0.142,1.209
Lasius umbratus,casent0911054,1.181,1.217,0.666,NA,1.485
Lasius umbratus,casent0911055,0.827,0.878,0.46,0.1365,1.143
Lasius umbratus,casent0172706,1.064,1.103,0.2255,0.1495,1.425
Leptogenys manni,casent0178785,0.936,1.466,0.672,0.3335,2.384
Leptogenys manni,casent0104002,0.864,1.412,0.1735,0.316,2.407
Linepithema humile,casent0104147,0.606,0.662,0.283,0.1765,1.009
Linepithema humile,casent0911562,0.832,0.858,0.399,0.219,1.247
Linepithema humile,casent0915577,0.673,0.719,0.339,0.1945,1.079
Linepithema humile,casent0249733,0.703,0.725,0.312,0.193,1.132
Linepithema humile,casent0006019,0.6695,0.713,0.145,0.164,1.067
Monomorium ebeninum,CASENT0104083,0.365,0.475,0.192,0.086,0.701
Monomorium ebeninum,CASENT0318457,0.354,0.472,0.187,0.0935,0.53
Monomorium ebeninum,CASENT0729633,0.352,0.469,0.196,0.079,0.546
Monomorium ebeninum,CASENT0908696,0.397,0.513,0.225,0.086,0.617
Monomorium ebeninum,FMNHINS0000088660,0.38,0.488,0.212,NA,0.565
Monomorium floricola,CASENT0125221,0.309,0.384,0.153,0.062,0.461
Monomorium floricola,CASENT0064821,0.315,0.4,0.163,0.065,0.482
Monomorium floricola,CASENT0060702,0.333,0.417,0.153,0.0615,0.43
Monomorium floricola,CASENT0053986,0.337,0.403,0.163,0.062,0.437
Monomorium floricola,CASENT0010954,0.305,0.384,0.155,0.0725,0.443
Monomorium minimum,CASENT0104789,0.468,0.591,0.267,0.112,0.635
Monomorium minimum,CASENT0104790,NA,0.555,0.243,NA,0.637
Monomorium minimum,CASENT0173040,0.416,0.514,0.233,0.103,0.514
Monomorium minimum,FMNHINS0000083019,0.379,0.467,0.199,0.1055,0.527
Monomorium pharaonis,casent0005782,0.482,0.597,0.265,0.092,0.778
Monomorium pharaonis,casent0104095,0.448,0.55,0.24,0.095,0.676
Monomorium pharaonis,casent0171086,0.415,0.526,0.227,0.0825,0.647
Monomorium pharaonis,casent0173986,0.3955,0.508,0.0545,0.0745,0.654
Monomorium subcoecum,casent0923382,0.262,0.322,0.148,0.0175,0.376
Monomorium subcoecum,casent0923383,0.259,0.328,0.142,0.0185,0.353
Monomorium subcoecum,casent0904581,0.315,0.385,0.064,0.018,0.385
Monomorium trageri,casent0104103,0.353,0.495,0.024,0.0815,0.528
Monomorium viridum,casent0104112,0.4045,0.52,0.092,0.1045,0.529
Myrmecina americana,casent0104118,0.784,0.754,0.413,0.0975,0.878
Myrmecina americana,casent0904688,0.634,0.638,0.394,NA,0.813
Myrmecina americana,fmnhins0000088661,0.669,0.654,0.348,0.0675,0.823
Myrmecina americana,casent0103049,0.694,0.671,0.1575,0.068,0.836
Myrmecina cooperi,,NA,NA,NA,NA,NA
Myrmecina davisoni,,NA,NA,NA,NA,NA
Myrmelachista ramulorum,CASENT0104126,0.625,0.64,0.255,0.1175,0.79
Myrmelachista ramulorum,CASENT0912343,0.459,0.519,NA,0.108,0.584
Myrmelachista ramulorum,JTLC000005280,0.514,0.558,0.223,NA,0.673
Myrmica americana,ANTWEB1041724,1.123,1.293,0.588,0.286,1.952
Myrmica americana,CASENT0179857,1.123,1.249,0.64,0.245,1.677
Myrmica americana,CASENT0649125,1.123,1.229,0.643,0.265,1.686
Myrmica fracticornis,CASENT0651716,0.848,0.973,0.499,0.207,1.396
Myrmica fracticornis,CASENT0904076,0.906,1.07,0.596,0.22,1.379
Myrmica fracticornis,CASENT0922751,0.869,0.943,0.547,NA,1.368
Myrmica incompleta,ANTWEB1038042,1.042,1.18,0.505,0.2035,1.38
Myrmica incompleta,CASENT0005703,1.08,1.272,0.647,0.2385,1.622
Myrmica incompleta,CASENT0179858,1.123,1.25,0.62,0.2265,1.553
Myrmica incompleta,CASENT0904079,1.013,1.12,0.602,0.209,1.433
Myrmica incompleta,CASENT0904081,1.155,1.313,0.734,0.252,1.758
Myrmica pinetorum,CASENT0104883,0.827,1.055,0.493,0.1985,1.369
Myrmica pinetorum,CASENT0907643,0.965,1.176,0.541,0.238,1.37
Myrmica latifrons,CASENT0104815,1.073,1.204,0.609,0.254,1.466
Myrmica latifrons,CASENT0173006,1.051,1.156,0.592,0.233,1.432
Myrmica latifrons,CASENT0650155,0.955,1.072,0.543,0.25,1.521
Myrmica latifrons,CASENT0907623,1.047,1.139,0.699,0.261,1.515
Myrmica latifrons,CASENT0907656,1.042,1.103,0.618,NA,1.571
Myrmica punctiventris,casent0907643,0.956,1.153,0.533,NA,1.366
Myrmica punctiventris,casent0104128,0.991,1.159,0.156,0.2125,1.4365
Myrmica spatulata,CASENT0104838,1.042,1.18,0.557,0.2185,1.59
Myrmica spatulata,ANTWEB1041706,1.018,1.149,0.631,0.2335,1.557
Myrmica spatulata,ANTWEB1041628,0.952,1.141,0.555,0.232,1.589
Neivamyrmex carolinensis,casent0902643,0.616,0.694,0.379,NA,1.05
Neivamyrmex carolinensis,casent0923616,0.953,0.963,0.482,0.0485,1.389
Neivamyrmex carolinensis,casent0104130,0.9675,1.005,0.1755,0.047,1.383
Neivamyrmex nigrescens,casent0005332,0.957,0.994,0.506,NA,1.621
Neivamyrmex nigrescens,casent0106080,1,1.008,0.535,0.08,1.633
Neivamyrmex nigrescens,casent0249494,0.604,0.752,0.347,NA,1.221
Neivamyrmex nigrescens,casent0902642,0.747,0.824,0.468,0.069,1.372
Neivamyrmex nigrescens,casent0249493,0.673,0.81,0.204,0.07,1.3285
Neivamyrmex opacithorax,casent0005334,0.991,1.04,0.5,0.062,1.397
Neivamyrmex opacithorax,casent0104139,1.094,1.117,0.509,0.067,1.773
Neivamyrmex opacithorax,casent0104142,0.629,0.722,0.351,NA,1.061
Neivamyrmex opacithorax,casent0903735,0.732,0.829,0.364,0.071,1.359
Neivamyrmex opacithorax,casent0102767,0.5445,0.647,0.0845,0.046,0.986
Neivamyrmex pilosus,casent0173529,1.508,1.511,0.64,0.0675,2.068
Neivamyrmex pilosus,casent0249500,1.333,1.35,0.619,0.068,1.942
Neivamyrmex pilosus,casent0902654,1.321,1.435,0.695,0.0995,2.147
Neivamyrmex pilosus,casent0911404,0.742,0.879,0.358,0.06,1.44
Neivamyrmex pilosus,ufv-labecol-003518,0.7155,0.821,0.2535,0.053,1.514
Neivamyrmex texanus,casent0249509,1.134,1.176,0.636,0.1085,1.968
Neivamyrmex texanus,casent0104150,0.768,0.929,0.222,0.755,1.4985
Nylanderia arenivaga,CASENT0280573,0.507,0.561,0.337,0.149,0.732
Nylanderia arenivaga,CASENT0923370,0.379,0.447,0.236,0.096,0.543
Nylanderia arenivaga,casent0104195,0.4455,0.532,0.0785,0.128,0.7605
Nylanderia bourbonica,casent0104203,0.619,0.674,0.285,0.195,1.006
Nylanderia bourbonica,casent0188533,0.641,0.713,0.328,0.2,0.933
Nylanderia bourbonica,casent0280574,0.65,0.707,0.391,0.2225,1.028
Nylanderia bourbonica,casent0910998,0.654,0.703,0.354,0.2185,1.08
Nylanderia bourbonica,fmnhins0000062866,0.62,0.709,0.339,0.198,0.923
Nylanderia bourbonica,casent0235555,0.533,0.607,0.107,0.171,0.9045
Nylanderia concinna,casent0104209,0.4595,0.539,0.685,0.1245,0.761
Nylanderia faisonensis,casent0280576,0.532,0.601,0.315,0.15,0.829
Nylanderia faisonensis,casent0911026,0.538,0.616,0.305,0.1295,0.754
Nylanderia faisonensis,casent0104218,0.4285,0.532,0.11,0.118,0.7155
Nylanderia fulva,casent0173238,0.497,0.585,0.254,0.158,0.846
Nylanderia fulva,casent0911029,0.739,0.814,0.439,0.2105,1.069
Nylanderia fulva,ecofog-it14-0782-33,0.549,0.681,0.268,0.1715,0.982
Nylanderia fulva,focol2719,0.809,0.82,0.463,0.2225,1.197
Nylanderia fulva,casent0173491,0.6005,0.674,0.139,0.1775,0.9345
Nylanderia parvula,casent0104230,0.537,0.62,0.278,0.152,0.758
Nylanderia parvula,casent0903132,0.48,0.538,0.288,0.3035,0.66
Nylanderia parvula,casent0915727,0.48,0.543,0.261,0.137,0.705
Nylanderia parvula,casent0003319,0.4995,0.587,0.109,0.1335,0.7345
Nylanderia phantasma,casent0104244,0.434,0.551,0.287,0.129,0.729
Nylanderia pubens,casent0104862,0.764,0.847,0.443,0.203,1.002
Nylanderia pubens,casent0911031,0.735,0.781,0.42,0.206,1.084
Nylanderia pubens,fmnhins0000088663,0.688,0.784,0.315,0.203,1.058
Nylanderia pubens,casent0104254,0.6435,0.743,0.0645,0.1855,0.9955
Nylanderia steinheili,casent0102943,0.587,0.653,0.346,0.14,0.724
Nylanderia steinheili,casent0173233,0.48,0.574,0.29,0.1525,0.767
Nylanderia steinheili,casent0280581,0.675,0.738,0.381,0.1785,0.772
Nylanderia steinheili,casent0903138,0.506,0.569,0.299,0.1585,0.763
Nylanderia steinheili,casent0178613,0.4195,0.524,0.092,0.1215,0.666
Nylanderia trageri,Kallai_and_LaPolla_Nylanderia_trageri,0.517,0.583,0.317,0.146,0.677
Nylanderia querna,,NA,NA,NA,NA,NA
Nylanderia vividula,casent0102821,0.537,0.614,0.298,0.1565,0.806
Nylanderia vividula,casent0104260,0.556,0.649,0.315,0.158,0.821
Nylanderia vividula,casent0219750,0.604,0.7,0.37,0.1545,0.894
Nylanderia vividula,usnment00753566,0.619,0.674,0.363,0.1595,0.745
Nylanderia vividula,casent0280580,0.516,0.588,0.1285,0.151,0.7055
Nylanderia wojciki,casent0281000,0.473,0.579,0.273,0.141,0.648
Nylanderia wojciki,casent0104268,0.4235,0.543,0.062,0.1225,0.6315
Ochetellus glaber,casent0003317,0.499,0.541,0.199,0.1265,0.653
Ochetellus glaber,casent0104159,0.454,0.549,0.2,0.151,0.781
Ochetellus glaber,casent0275747,0.617,0.694,0.285,0.155,0.888
Ochetellus glaber,casent0919962,0.551,0.594,0.234,0.1535,0.719
Ochetellus glaber,casent0005175,0.4845,0.555,0.1,0.1355,0.6525
Odontomachus brunneus,antweb1041404,1.946,2.277,1.432,0.417,2.92
Odontomachus brunneus,casent0104165,1.66,1.959,0.959,0.3355,2.893
Odontomachus brunneus,casent0270601,1.598,1.918,0.984,0.343,2.334
Odontomachus brunneus,casent0649761,1.562,1.816,0.92,0.325,2.426
Odontomachus brunneus,casent0270600,1.708,2.181,1.1175,0.3815,2.6995
Odontomachus haematodus,casent0173537,1.664,2.033,1.139,0.3635,3.027
Odontomachus haematodus,casent0246014,1.911,2.368,1.289,0.4475,3.166
Odontomachus haematodus,casent0900581,1.191,1.514,0.904,0.2655,1.953
Odontomachus haematodus,casent0904007,2.08,2.534,1.405,0.475,3.062
Odontomachus haematodus,casent0103104,1.896,2.565,1.24,0.4705,3.0705
Odontomachus relictus,CASENT0104172,1.615,1.996,1.005,0.3455,2.463
Odontomachus ruginodis,casent0318467,1.527,1.813,0.89,0.3255,2.455
Odontomachus ruginodis,casent0650423,1.669,2.027,1.014,NA,2.604
Odontomachus ruginodis,fmnhins0000078502,1.762,2.136,1.163,0.358,2.689
Odontomachus ruginodis,fmnhins0000088684,1.717,2.065,1.042,0.3455,2.546
Odontomachus ruginodis,casent0104183,1.5355,1.951,0.87,0.3315,2.7725
Paratrechina longicornis,casent0104236,0.594,0.783,0.394,0.2235,1
Paratrechina longicornis,casent0125348,0.483,0.63,0.32,0.181,0.945
Paratrechina longicornis,casent0171073,0.469,0.672,0.316,0.2035,0.968
Paratrechina longicornis,casent0281157,0.507,0.669,0.358,0.215,1.033
Paratrechina longicornis,casent0171035,0.463,0.655,0.094,0.1945,1.0165
Pheidole anastasii,CASENT0613680,0.904,0.826,0.475,0.85,0.85
Pheidole anastasii,CASENT0637891,0.914,0.884,0.439,0.134,0.858
Pheidole anastasii,CASENT0635433,0.447,0.52,0.268,0.101,0.631
Pheidole anastasii,CASENT0619900,0.468,0.55,0.278,0.104,0.708
Pheidole adrianoi,casent0104274,0.3945,0.425,0.1005,0.1,0.5065
Pheidole adrianoi,casent0104273,0.8945,0.862,0.2015,0.111,0.696
Pheidole bicarinata,casent0102869,0.487,0.519,0.294,0.12,0.6
Pheidole bicarinata,casent0104283,0.525,0.535,0.299,0.1305,0.661
Pheidole bicarinata,casent0904437,0.449,0.501,0.242,0.119,0.573
Pheidole bicarinata,casent0904439,0.443,0.483,0.289,0.0935,0.585
Pheidole bicarinata,casent0005750,0.512,0.542,0.1215,0.114,0.5945
Pheidole bicarinata,casent0005749,0.957,0.973,0.452,0.1575,0.889
Pheidole bicarinata,casent0104282,0.918,0.99,0.446,0.1395,0.863
Pheidole bicarinata,casent0283402,0.948,1.01,0.43,0.1355,0.825
Pheidole bicarinata,casent0904436,0.916,0.954,0.455,0.138,0.806
Pheidole bicarinata,casent0102868,1.0255,1.061,0.178,0.1225,0.898
Pheidole bilimeki,CASENT0173658,0.415,0.472,0.241,0.088,0.591
Pheidole bilimeki,CASENT0173659,0.9,0.92,0.465,0.1235,0.807
Pheidole bilimeki,CASENT0246095,0.933,0.973,0.437,0.1445,0.854
Pheidole bilimeki,CASENT0649570,0.458,0.505,0.25,0.092,0.558
Pheidole bilimeki,CASENT0649571,0.684,0.71,0.388,0.1205,0.692
Pheidole bilimeki,CASENT0908279,0.459,0.495,0.268,0.094,0.614
Pheidole carrolli,casent0104287,0.522,0.619,0.115,0.1385,0.797
Pheidole carrolli,casent0104286,1.4305,1.506,0.331,0.1895,1.3015
Pheidole crassicornis,casent0104292,0.69,0.757,0.385,NA,0.933
Pheidole crassicornis,casent0904433,0.5795,0.668,0.1825,0.1295,1.0065
Pheidole crassicornis,casent0904432,1.429,1.357,0.742,0.2205,1.297
Pheidole crassicornis,casent0104291,1.1455,1.209,0.2355,0.185,1.242
Pheidole crassicornis,CASENT0104291,1.177,1.192,0.574,NA,1.281
Pheidole crassicornis,CASENT0104292,0.68,0.744,0.373,NA,0.94
Pheidole crassicornis,CASENT0904432,1.41,1.36,0.722,0.201,1.255
Pheidole crassicornis,CASENT0904433,0.58,0.658,0.374,0.16,1.07
Pheidole davisi,CASENT0103143,1,0.964,0.439,NA,0.86
Pheidole davisi,CASENT0103407,0.484,0.509,0.274,0.114,0.527
Pheidole davisi,CASENT0104757,0.92,0.892,0.403,0.1315,0.799
Pheidole dentata,casent0901476,0.641,0.69,0.401,0.167,0.968
Pheidole dentata,casent0901549,0.592,0.651,0.353,0.138,0.943
Pheidole dentata,casent0917765,0.639,0.706,0.367,0.166,1.001
Pheidole dentata,fmnhins0000078503,0.61,0.694,0.402,0.161,0.905
Pheidole dentata,casent0104240,0.617,0.706,0.132,0.154,0.944
Pheidole dentata,casent0103882,1.319,1.34,0.676,0.218,1.175
Pheidole dentata,casent0901475,1.14,1.128,0.585,0.1945,1.091
Pheidole dentata,casent0908218,1.291,1.286,0.745,0.217,1.287
Pheidole dentata,casent0901550,1.134,1.161,0.327,0.191,1.103
Pheidole dentigula,fmnhins0000088647,0.42,0.461,0.259,0.0785,0.504
Pheidole dentigula,casent0104394,0.45,0.492,0.1245,0.064,0.512
Pheidole dentigula,casent0104393,0.786,0.815,0.168,0.081,0.7065
Pheidole diversipilosa,casent0104396,0.602,0.638,0.341,0.1355,0.878
Pheidole diversipilosa,casent0102875,0.602,0.687,0.155,0.143,0.8475
Pheidole diversipilosa,casent0104395,1.109,1.126,0.507,0.1765,1.148
Pheidole diversipilosa,casent0619981,1.217,1.202,0.527,0.19,1.201
Pheidole diversipilosa,casent0102874,1.192,1.205,0.289,0.1695,1.1175
Pheidole flavens,casent0104397,0.435,0.465,0.248,NA,0.518
Pheidole flavens,casent0908260,0.392,0.415,0.23,0.077,0.468
Pheidole flavens,casent0908262,0.454,0.479,0.269,0.098,0.575
Pheidole flavens,fmnhins0000088648,0.411,0.45,0.241,0.089,0.522
Pheidole flavens,casent0178022,0.39,0.453,0.1125,0.0805,0.4995
Pheidole flavens,casent0173263,0.825,0.801,0.381,NA,0.61
Pheidole flavens,casent0246098,0.861,0.797,0.404,0.125,0.697
Pheidole flavens,casent0908267,0.679,0.668,0.327,0.0975,0.61
Pheidole flavens,casent0908276,0.861,0.852,0.373,0.098,0.667
Pheidole flavens,casent0178020,0.8085,0.772,0.1725,0.096,0.732
Pheidole floridana,casent0104402,0.429,0.464,0.244,0.094,0.605
Pheidole floridana,casent0904425,0.472,0.539,0.281,0.1035,0.583
Pheidole floridana,fmnhins0000078504,0.4305,0.468,0.095,0.086,0.5355
Pheidole floridana,casent0904424,0.867,0.881,0.432,0.136,0.795
Pheidole floridana,casent0104401,0.8525,0.906,0.1895,0.106,0.824
Pheidole pelor,CASENT0103410,0.514,0.552,0.293,0.105,0.713
Pheidole pelor,CASENT0103409,0.957,1.19,,0.3425,1.114
Pheidole lamia,casent0104698,0.474,0.505,0.297,0.085,0.649
Pheidole lamia,casent0172696,0.465,0.507,0.262,NA,0.582
Pheidole lamia,casent0104788,0.419,0.52,0.1,0.076,0.6015
Pheidole lamia,casent0104664,0.628,0.98,0.397,NA,0.828
Pheidole lamia,casent0172695,0.578,0.872,0.339,NA,0.872
Pheidole lamia,casent0104787,0.595,0.876,0.1315,0.099,0.796
Pheidole littoralis,casent0104405,NA,0.471,0.263,0.122,0.56
Pheidole littoralis,casent0901557,0.547,0.545,0.311,0.1565,0.651
Pheidole littoralis,fmnhins0000062822,0.41,0.435,0.088,0.0825,0.5015
Pheidole littoralis,casent0104404,1.319,1.4,0.573,0.203,0.945
Pheidole littoralis,casent0901558,1.451,1.484,0.63,0.19,0.954
Pheidole littoralis,fmnhins0000062820,1.2465,1.358,0.214,0.158,0.8815
Pheidole megacephala,antweb1008103,0.551,0.626,0.311,0.1325,0.81
Pheidole megacephala,casent0059654,0.554,0.614,0.335,NA,0.818
Pheidole megacephala,casent0103307,0.624,0.653,0.4,0.137,0.708
Pheidole megacephala,casent0171092,0.566,0.637,0.343,0.1345,0.857
Pheidole megacephala,casent0235976,0.624,0.667,0.366,0.144,0.941
Pheidole megacephala,casent0056016,0.5735,0.63,0.178,0.1305,0.831
Pheidole megacephala,casent0101560,1.517,1.35,0.708,0.206,1.27
Pheidole megacephala,casent0104408,1.381,1.295,0.612,0.188,1.226
Pheidole megacephala,csironc0178,0.951,0.91,0.479,0.129,0.878
Pheidole megacephala,fmnhins0000078505,1.276,1.21,0.59,0.171,1.087
Pheidole megacephala,casent0063124,1.2935,1.298,0.2655,0.136,1.085
Pheidole metallescens,casent0904444,0.407,0.448,0.238,0.102,0.569
Pheidole metallescens,casent0104412,0.4115,0.484,0.385,0.1005,0.5535
Pheidole metallescens,casent0104411,0.8605,0.876,0.154,0.1255,0.7605
Pheidole moerens,fmnhins0000078506,0.424,0.465,0.228,0.0925,0.513
Pheidole moerens,casent0005743,0.425,0.479,0.1015,0.086,0.6445
Pheidole moerens,casent0005742,0.8745,0.896,0.256,0.125,0.738
Pheidole morrisii,casent0908229,0.622,0.723,0.42,0.1835,1.043
Pheidole morrisii,casent0908231,0.704,0.752,0.481,0.2,1.177
Pheidole morrisii,casent0917781,0.689,0.781,0.416,0.1765,1.062
Pheidole morrisii,casent0104416,0.549,0.665,0.1335,0.145,0.8375
Pheidole morrisii,casent0908228,1.095,1.146,0.582,NA,1.208
Pheidole morrisii,casent0908230,1.317,1.251,0.709,0.23,1.316
Pheidole morrisii,casent0917780,1.274,1.188,0.668,0.2315,1.208
Pheidole morrisii,casent0922217,1.264,1.244,0.643,0.226,1.313
Pheidole morrisii,casent0104415,1.143,1.215,0.229,0.1905,1.186
Pheidole navigans,CASENT0005742,0.896,0.944,0.449,0.1405,0.731
Pheidole navigans,CASENT0005743,0.433,0.48,0.247,0.111,0.657
Pheidole navigans,CASENT0104525,0.893,0.905,0.433,0.13,0.701
Pheidole navigans,CASENT0104526,0.452,0.494,0.252,NA,0.539
Pheidole obscurithorax,casent0104420,0.629,0.788,0.445,0.194,1.17
Pheidole obscurithorax,casent0913312,0.584,0.749,0.442,0.1765,1.148
Pheidole obscurithorax,casent0178042,0.5575,0.714,0.154,0.1495,1.0595
Pheidole obscurithorax,casent0104419,1.515,1.568,0.872,NA,1.726
Pheidole obscurithorax,casent0913311,1.747,1.772,0.973,0.255,1.517
Pheidole obscurithorax,casent0178041,1.604,1.645,0.386,0.196,1.5355
Pheidole pilifera,CASENT0005762,0.484,0.563,0.309,0.1365,0.684
Pheidole pilifera,CASENT0102866,1.237,1.333,0.566,0.197,1.133
Pheidole pilifera,CASENT0102867,0.528,0.582,0.347,0.1285,0.721
Pheidole pilifera,CASENT0103147,0.576,0.624,0.394,0.151,0.804
Pheidole pilifera,CASENT0103148,1.331,1.38,0.517,0.1825,1.178
Pheidole pilifera,CASENT0172958,1.199,1.126,0.573,0.179,0.98
Pheidole tetra,CASENT0103154,0.643,0.721,0.393,0.151,0.978
Pheidole tetra,CASENT0103153,1.283,1.161,0.611,0.187,1.179
Pheidole tetra,CASENT0103155,1.24,1.162,0.63,0.1835,1.112
Pheidole tysoni,casent0104454,0.414,0.478,0.257,0.099,0.602
Pheidole tysoni,casent0282942,0.454,0.478,0.293,0.0965,0.558
Pheidole tysoni,casent0908243,0.435,0.483,0.284,0.089,0.571
Pheidole tysoni,casent0104427,0.4135,0.456,0.0755,0.0845,0.561
Pheidole tysoni,casent0104426,0.879,0.97,0.423,0.1375,0.845
Pheidole tysoni,casent0104453,0.847,0.912,0.437,0.1335,0.833
Pheidole tysoni,casent0908242,0.959,1.108,0.486,0.1345,0.863
Pheidole tysoni,casent0282947,0.8895,0.958,0.1785,0.1115,0.8
Platythyrea punctata,casent0003323,1.045,1.293,0.667,0.312,2.401
Platythyrea punctata,casent0006088,1.033,1.379,0.58,0.337,2.284
Platythyrea punctata,casent0103910,1.044,1.374,0.638,0.3885,2.458
Platythyrea punctata,fmnhins0000088649,1.006,1.318,0.623,0.3335,2.407
Platythyrea punctata,casent0006819,1.0145,1.324,0.3705,0.2925,2.147
Pogonomyrmex badius,casent0103056,1.623,1.658,0.853,0.3255,2.307
Pogonomyrmex badius,casent0900375,1.35,1.283,0.759,0.271,1.713
Pogonomyrmex badius,casent0104423,1.5075,1.589,0.222,0.3165,1.984
Pogonomyrmex badius,casent0103057,3.248,2.752,1.357,0.492,3.042
Pogonomyrmex badius,casent0281110,3.397,2.799,1.644,0.542,3.301
Pogonomyrmex badius,casent0104424,3.189,2.68,0.4295,0.472,3.0035
Polyergus longicornis,CASENT0281044,1.448,1.678,0.96,0.3755,2.598
Polyergus longicornis,CASENT0281043,1.738,1.828,0.98,0.4645,2.867
Polyergus lucidus,CASENT0281037,1.627,1.703,0.884,0.4405,2.615
Polyergus lucidus,CASENT0281039,1.497,1.655,0.83,0.422,2.617
Polyergus lucidus,CASENT0281040,1.396,1.484,0.824,0.432,2.315
Polyergus lucidus,CASENT0281042,1.368,1.519,0.778,0.3885,2.433
Polyergus lucidus,CASENT0281066,1.503,1.572,0.833,0.427,2.583
Polyergus ruber,CASENT0281055,1.583,1.778,0.989,0.435,2.628
Polyergus ruber,CASENT0281056,1.66,1.737,0.948,0.422,2.641
Polyergus ruber,CASENT0281057,1.544,1.685,0.904,0.426,2.663
Ponera exotica,casent0104432,0.347,0.441,0.202,NA,0.633
Ponera exotica,casent0249231,0.464,0.591,0.29,NA,0.801
Ponera exotica,casent0603539,0.3945,0.526,0.16,0.0155,0.6675
Ponera pennsylvanica,antweb1038007,0.608,0.739,0.392,NA,1.047
Ponera pennsylvanica,casent0003322,0.576,0.72,0.342,NA,1.066
Ponera pennsylvanica,casent0103897,0.512,0.626,0.311,NA,0.949
Ponera pennsylvanica,casent0249230,0.588,0.724,0.356,NA,1.017
Ponera pennsylvanica,casent0006626,0.558,0.691,0.1415,0.032,1.006
Poneracantha triangularis,CASENT0006087,1.213,1.234,0.729,0.2485,1.949
Poneracantha triangularis,CASENT0103948,1.03,1.06,0.654,0.257,1.87
Poneracantha triangularis,CASENT0179951,1.198,1.171,0.877,0.2955,1.987
Poneracantha triangularis,CASENT0281234,1.236,1.257,0.864,0.3285,2.061
Poneracantha triangularis,LACMENT141836,1.714,1.709,1.21,0.281,1.952
Prenolepis imparis,casent0103873,0.894,0.934,0.449,0.2315,1.258
Prenolepis imparis,casent0106035,0.882,0.86,0.505,0.248,1.102
Prenolepis imparis,casent0179611,0.822,0.885,0.448,0.262,1.203
Prenolepis imparis,casent0905672,0.787,0.833,0.416,0.237,1.114
Prenolepis imparis,casent0102823,0.771,0.855,0.132,0.225,1.122
Prionopelta antillana,casent0103911,0.394,0.48,0.204,NA,0.602
Prionopelta antillana,casent0767588,0.374,0.456,0.208,NA,0.563
Prionopelta antillana,casent0767612,0.409,0.499,0.233,NA,0.567
Prionopelta antillana,casent0902630,0.455,0.528,0.252,0.0305,0.704
Prionopelta antillana,casent0006076,0.432,0.486,0.0775,0.031,0.6065
Proceratium chickasaw,casent0104435,0.72,0.839,0.1325,0.0165,1.111
Proceratium crassicorne,fmnhins0000057119,0.5735,0.656,0.153,0.0115,0.8295
Proceratium crassicorne,casent0104436,0.618,0.651,0.337,NA,0.834
Proceratium crassicorne,casent0903852,0.61,0.615,0.346,NA,0.87
Proceratium creek,casent0105837,0.998,1.196,0.635,0.045,2.016
Proceratium creek,casent0104439,0.8725,1.151,0.161,0.0265,1.6625
Proceratium croceum,casent0104442,0.8285,0.908,0.172,0.017,1.31
Proceratium pergandei,casent0903855,0.85,0.946,0.574,NA,1.391
Proceratium pergandei,casent0104443,0.756,0.894,0.1685,0.016,1.2345
Proceratium silaceum,casent0235164,0.469,0.502,0.246,NA,0.628
Proceratium silaceum,casent0903853,0.639,0.689,0.371,NA,0.8
Proceratium silaceum,focol0928,0.721,0.739,0.387,NA,0.982
Proceratium silaceum,psw7415-1,1.599,1.671,0.959,NA,0.914
Proceratium silaceum,casent0104234,0.6405,0.688,0.1755,0.033,0.8005
Pseudomyrmex cubaensis,casent0104073,0.667,0.966,0.34,0.479,1.287
Pseudomyrmex cubaensis,casent0173759,0.802,1.15,0.407,0.5775,1.466
Pseudomyrmex cubaensis,casent0907536,0.645,0.888,0.344,0.475,1.295
Pseudomyrmex cubaensis,fmnhins0000088650,0.637,0.917,0.313,0.4605,1.246
Pseudomyrmex cubaensis,casent0005871,0.666,1.01,0.0815,0.4995,1.3275
Pseudomyrmex ejectus,casent0102683,0.688,0.872,0.287,0.478,1.277
Pseudomyrmex ejectus,casent0104280,0.618,0.797,0.289,0.4295,1.119
Pseudomyrmex ejectus,casent0104314,0.653,0.839,0.278,0.4275,1.122
Pseudomyrmex ejectus,casent0902894,0.669,0.85,NA,0.4715,1.181
Pseudomyrmex ejectus,fmnhins0000088651,0.655,0.829,0.364,0.436,1.154
Pseudomyrmex ejectus,casent0102684,0.648,0.871,0.1145,0.463,1.127
Pseudomyrmex elongatus,casent0103868,0.581,0.855,0.288,0.4545,1.014
Pseudomyrmex elongatus,casent0173750,0.609,0.982,0.307,0.529,1.204
Pseudomyrmex elongatus,casent0907537,0.53,0.732,0.286,0.466,1.091
Pseudomyrmex elongatus,fmnhins0000078507,0.582,0.848,0.313,0.4715,1.191
Pseudomyrmex elongatus,casent0005874,0.546,0.785,0.0375,0.441,1.0015
Pseudomyrmex gracilis,casent0103874,1.347,1.573,0.614,0.98,2.587
Pseudomyrmex gracilis,casent0106097,1.567,1.851,0.815,1.0995,2.784
Pseudomyrmex gracilis,casent0907478,1.273,1.494,0.603,0.904,2.255
Pseudomyrmex gracilis,fmnhins0000078508,1.257,1.475,0.646,0.8745,2.281
Pseudomyrmex gracilis,casent0005838,1.3265,1.381,0.192,0.923,2.4095
Pseudomyrmex pallidus,casent0103890,0.711,0.909,0.328,0.456,1.189
Pseudomyrmex pallidus,casent0246350,0.666,0.866,0.307,0.4275,1.159
Pseudomyrmex pallidus,casent0902900,0.719,0.95,0.348,0.4545,1.348
Pseudomyrmex pallidus,fmnhins0000078509,0.676,0.888,0.365,0.472,1.252
Pseudomyrmex pallidus,casent0005441,0.642,0.85,0.145,0.403,1.1325
Pseudomyrmex seminole,casent0902898,0.803,1.016,0.354,0.5095,1.503
Pseudomyrmex seminole,fmnhins0000078510,1.169,1.082,0.437,0.5045,1.487
Pseudomyrmex seminole,casent0103884,0.8785,1.158,0.1135,0.4985,1.4625
Pseudomyrmex simplex,casent0104281,0.616,0.784,0.257,0.4315,1.151
Pseudomyrmex simplex,casent0902902,0.668,0.842,0.281,0.4565,1.265
Pseudomyrmex simplex,casent0907489,0.572,0.747,0.256,0.4025,1.055
Pseudomyrmex simplex,fmnhins0000078520,0.639,0.812,0.264,0.436,1.157
Pseudomyrmex simplex,MCZ_ENT_Pseudomyrmex_simplex,0.7185,0.97,0.081,NA,1.4595
Pseudoponera stigma,casent0104187,0.977,1.015,0.581,NA,1.481
Pseudoponera stigma,casent0171132,1.185,1.232,0.752,0.0875,1.884
Pseudoponera stigma,casent0249159,1.136,1.158,0.72,NA,1.825
Pseudoponera stigma,casent0907287,1.071,1.118,0.717,NA,1.817
Pseudoponera stigma,casent0178392,1.182,1.251,0.407,0.068,1.809
Solenopsis abdita,CASENT0104494,0.291,0.392,0.176,NA,0.435
Solenopsis abdita,CASENT0217364,0.238,0.319,NA,NA,0.399
Solenopsis abdita,CASENT0249866,0.294,0.378,0.162,0.0325,0.399
Solenopsis abdita,FMNHINS0000078522,0.301,0.396,0.148,NA,0.398
Solenopsis carolinensis,casent0104497,0.274,0.332,0.148,0.0325,0.372
Solenopsis carolinensis,casent0902335,0.331,0.401,0.207,0.044,0.427
Solenopsis carolinensis,casent0908858,0.329,0.401,0.186,NA,0.45
Solenopsis carolinensis,fmnhins0000078523,0.292,0.386,NA,0.032,0.372
Solenopsis carolinensis,casent0010696,0.3855,0.482,0.064,0.0475,0.5195
Solenopsis geminata,casent0104522,0.75,0.84,0.435,0.1435,1.103
Solenopsis geminata,casent0104933,1.015,1.083,0.581,0.1495,1.182
Solenopsis geminata,casent0913897,0.651,0.766,0.361,0.1525,1.052
Solenopsis geminata,casent0917011,0.62,0.682,0.332,0.1295,0.899
Solenopsis geminata,fmnhins0000078513,0.648,0.712,0.355,0.1455,0.886
Solenopsis geminata,casent0104934,0.6825,0.776,0.0885,0.1205,0.9305
Solenopsis geminata,casent0063125,1.257,1.282,0.691,0.184,1.462
Solenopsis geminata,casent0104521,1.684,1.547,0.66,0.1915,1.627
Solenopsis geminata,casent0178424,1.042,1.156,0.501,0.176,1.421
Solenopsis geminata,casent0908794,1.732,1.574,0.72,NA,1.399
Solenopsis geminata,casent0102966,1.167,1.209,0.2225,0.1565,1.4205
Solenopsis globularia,casent0104501,0.446,0.573,0.241,0.0935,0.76
Solenopsis globularia,casent0104814,0.387,0.497,0.211,NA,0.659
Solenopsis globularia,casent0908833,0.375,0.457,0.209,0.0685,0.533
Solenopsis globularia,fmnhins0000078524,0.438,0.519,0.206,0.0765,0.606
Solenopsis globularia,casent0173279,0.473,0.585,0.062,0.096,0.7785
Solenopsis invicta,casent0005804,1.352,1.367,0.65,0.2465,1.708
Solenopsis invicta,casent0104523,1.1,1.184,0.588,0.1985,1.565
Solenopsis invicta,casent0178134,1.169,1.194,0.562,0.207,1.611
Solenopsis invicta,casent0902350,1.374,1.359,0.782,0.295,1.982
Solenopsis invicta,casent0913949,1.344,1.334,0.733,0.222,1.83
Solenopsis invicta,casent0178135,0.889,1.031,0.0885,0.155,1.388
Solenopsis molesta,CASENT0005805,0.389,0.477,0.196,NA,0.527
Solenopsis molesta,CASENT0005809,0.375,0.457,0.215,0.04,0.504
Solenopsis molesta,CASENT0005936,0.356,0.453,0.202,NA,0.468
Solenopsis molesta,CASENT0106027,0.412,0.51,0.241,0.043,0.561
Solenopsis molesta,CASENT0882124,0.407,0.45,0.246,NA,0.542
Solenopsis nickersoni,CASENT0104505,0.293,0.404,0.17,0.048,0.418
Solenopsis pergandei,casent0103157,0.454,0.497,0.274,NA,0.556
Solenopsis pergandei,casent0105855,0.5,0.547,0.294,NA,0.665
Solenopsis pergandei,fmnhins0000049898,0.476,0.525,0.292,NA,0.609
Solenopsis pergandei,fmnhins0000078525,0.376,0.446,0.221,0.033,0.483
Solenopsis pergandei,CASENT0104506,0.33,0.406,0.196,0.034,0.51
Solenopsis picta,casent0105664,0.324,0.368,0.188,0.0415,0.432
Solenopsis picta,casent0904629,0.345,0.378,0.17,NA,0.47
Solenopsis picta,casent0104509,0.3925,0.467,0.054,0.0445,0.56
Solenopsis richteri,CASENT0103101,1.187,1.288,0.634,0.184,1.62
Solenopsis richteri,CASENT0171080,0.734,0.854,0.435,0.1685,1.209
Solenopsis richteri,CASENT0171123,1.441,1.369,0.745,0.2525,1.816
Solenopsis richteri,CASENT0908801,1.302,1.363,0.705,0.208,1.452
Solenopsis richteri,CASENT0908802,1.181,1.205,0.653,0.199,1.414
Solenopsis tennesseensis,casent0104524,0.26,0.353,0.156,NA,0.382
Solenopsis tennesseensis,CASENT0911149,0.305,0.404,0.169,0.021,0.429
Solenopsis texana,CASENT0104813,0.345,0.432,0.197,0.037,0.429
Solenopsis texana,CASENT0904625,0.324,0.399,0.181,NA,0.438
Solenopsis texana,CASENT0908855,0.58,0.641,0.385,0.1115,0.757
Solenopsis tonsa,CASENT0104512,0.329,0.393,0.208,NA,0.505
Solenopsis tonsa,CASENT0923591,0.322,0.402,0.19,NA,0.488
Solenopsis xyloni,CASENT0005806,1.152,1.215,0.595,0.207,1.467
Solenopsis xyloni,CASENT0102900,1.072,1.129,0.52,0.195,1.297
Solenopsis xyloni,CASENT0103388,0.613,0.72,0.386,0.152,1.044
Solenopsis xyloni,CASENT0104539,0.593,0.667,0.338,0.121,0.859
Solenopsis xyloni,CASENT0106041,1.179,1.205,0.615,0.222,1.499
Solenopsis xyloni,CASENT0646942,0.86,0.982,0.481,NA,1.19
Stenamma meridionale,FMNHINS0000062754,0.87,0.998,0.562,0.156,1.203
Stenamma meridionale,JTLC000006624,0.846,0.923,0.54,0.1565,1.24
Stenamma meridionale,CASENT0105569,0.79,0.938,0.494,0.1415,1.232
Stenamma brevicorne,CASENT0104792,0.772,0.899,0.466,NA,1.163
Stenamma brevicorne,CASENT0900948,0.757,0.894,0.485,0.133,1.269
Stenamma brevicorne,CASENT0923375,0.657,0.768,0.398,NA,0.98
Stenamma diecki,CASENT0005811,0.712,0.842,0.411,0.085,1.001
Stenamma diecki,CASENT0761109,0.793,0.909,0.389,0.109,1.17
Stenamma diecki,CASENT0844140,0.686,0.839,0.364,0.079,1.007
Stenamma diecki,CASENT0904153,0.627,0.773,0.385,NA,1.069
Stenamma foveolocephalum,casent0105665,0.907,0.951,0.563,0.155,1.321
Stenamma foveolocephalum,casent0104515,0.9795,1.156,0.2755,0.1955,1.245
Stenamma impar,casent0907679,0.608,0.697,0.377,NA,0.954
Stenamma impar,casent0923373,0.517,0.622,0.318,0.071,0.762
Stenamma impar,casent0104795,0.6015,0.71,0.178,0.05,0.8255
Stenamma schmittii,CASENT0104796,0.753,0.908,0.425,0.085,1.139
Stigmatomma pallipes,casent0102903,1.039,1.154,0.895,NA,1.711
Stigmatomma pallipes,casent0103551,0.965,1.035,0.83,0.0485,1.577
Stigmatomma pallipes,casent0104569,1.226,1.293,NA,0.5435,1.929
Stigmatomma pallipes,fmnhins0000045022,1.048,1.139,0.864,NA,1.559
Stigmatomma pallipes,casent0005434,1.168,1.17,0.543,0.041,1.7595
Strumigenys abdita,casent0104279,0.415,0.564,0.105,0.0255,0.61
Strumigenys angulata,casent0105657,0.444,0.505,0.187,NA,0.61
Strumigenys angulata,casent0103891,0.44,0.596,0.175,0.028,0.61
Strumigenys apalachicolensis,CASENT0103886,0.35,0.533,0.087,NA,0.5
Strumigenys archboldi,casent0104339,0.371,0.523,0.162,NA,0.524
Strumigenys archboldi,casent0914679,0.392,0.548,0.172,NA,0.569
Strumigenys archboldi,casent0900175,0.37,0.544,0.095,0.036,0.51
Strumigenys bimarginata,,0.359,0.549,0.167,0.047,0.541
Strumigenys boltoni,casent0172983,0.334,0.514,0.098,NA,0.444
Strumigenys boltoni,casent0172984,0.338,0.505,0.122,NA,0.52
Strumigenys brevisetosa,casent0104482,0.37,0.534,0.164,0.0515,0.648
Strumigenys bunki,casent0900165,0.379,0.525,0.128,NA,0.554
Strumigenys bunki,casent0104336,0.38,0.542,0.1,0.0365,0.525
Strumigenys carolinensis,casent0104341,0.4,0.51,0.13,0.0235,0.56
Strumigenys cloydi,casent0104334,0.372,0.548,0.137,NA,0.565
Strumigenys cloydi,casent0747001,0.387,0.577,0.167,NA,0.691
Strumigenys cloydi,casent0747017,0.389,0.534,0.152,NA,0.622
Strumigenys cloydi,casent0900173,0.37,0.542,0.135,NA,0.548
Strumigenys clypeata,focol2174,0.411,0.565,0.16,NA,0.63
Strumigenys clypeata,casent0103000,0.4,0.493,0.095,0.044,0.575
Strumigenys creightoni,casent0102540,0.369,0.547,0.131,0.0445,0.622
Strumigenys creightoni,casent0281181,0.366,0.527,0.137,NA,0.571
Strumigenys creightoni,casent0900170,0.388,0.543,0.137,NA,0.596
Strumigenys creightoni,casent0104332,0.385,0.505,0.105,0.0435,0.56
Strumigenys dietrichi,casent0104200,0.314,0.472,0.169,NA,0.535
Strumigenys dietrichi,fmnhins0000078521,0.353,0.503,0.148,NA,0.539
Strumigenys dietrichi,casent0103821,0.37,0.566,0.08,0.0475,0.555
Strumigenys eggersi,casent0178118,0.368,0.437,0.285,NA,0.413
Strumigenys eggersi,casent0625429,0.362,0.404,0.272,NA,0.451
Strumigenys eggersi,casent0904936,0.371,0.403,0.313,NA,0.481
Strumigenys eggersi,fmnhins0000078511,0.353,0.399,0.267,NA,0.452
Strumigenys eggersi,casent0103845,0.345,0.488,0.255,0.0295,0.43
Strumigenys emmae,casent0060342,0.357,0.412,0.129,NA,0.403
Strumigenys emmae,casent0102082,0.348,0.401,0.135,NA,0.423
Strumigenys emmae,casent0104133,0.319,0.372,0.119,NA,0.451
Strumigenys emmae,fmnhins0000078526,0.352,0.396,0.144,NA,0.446
Strumigenys emmae,casent0005894,0.36,0.408,0.135,0.022,0.44
Strumigenys epinotalis,casent0900217,0.414,0.492,0.17,0.075,0.54
Strumigenys filirrhina,,0.388,0.548,0.171,,0.558
Strumigenys gundlachi,casent0106238,0.379,0.435,0.303,NA,0.495
Strumigenys gundlachi,casent0900176,0.396,0.481,0.35,NA,0.519
Strumigenys gundlachi,casent0912854,0.364,0.397,0.298,NA,0.444
Strumigenys gundlachi,casent0915948,0.387,0.447,0.322,NA,0.485
Strumigenys gundlachi,casent0103867,0.38,0.414,0.3,0.033,0.475
Strumigenys hexamera,casent0100720,0.564,0.492,0.292,NA,0.616
Strumigenys hexamera,casent0103819,0.54,0.443,0.2,0.0235,0.585
Strumigenys hyalina,CASENT0103126,0.403,0.533,0.119,NA,0.57
Strumigenys hyalina,CASENT0900166,0.37,0.472,0.117,NA,0.55
Strumigenys laevinasis,casent0104198,0.332,0.457,0.152,0.032,0.584
Strumigenys laevinasis,casent0104472,0.44,0.552,0.115,0.036,0.65
Strumigenys lanuginosa,antweb1032495,0.455,0.515,0.344,0.061,0.611
Strumigenys lanuginosa,casent0105875,0.47,0.509,0.368,0.0645,0.717
Strumigenys lanuginosa,casent0178644,0.457,0.511,0.369,NA,0.68
Strumigenys lanuginosa,casent0914741,0.448,0.498,0.351,NA,0.707
Strumigenys lanuginosa,casent0104517,0.46,0.551,0.35,0.0555,0.61
Strumigenys louisianae,antweb1032160,0.461,0.561,0.427,NA,0.607
Strumigenys louisianae,casent0003321,0.431,0.435,0.271,0.0605,0.545
Strumigenys louisianae,casent0104527,0.472,0.502,0.308,0.066,0.605
Strumigenys louisianae,casent0914505,0.494,0.507,0.313,0.0745,0.64
Strumigenys louisianae,antweb1038235,0.46,0.424,0.355,0.044,0.595
Strumigenys margaritae,casent0900216,0.39,0.506,0.141,NA,0.553
Strumigenys margaritae,casent0909341,0.342,0.453,0.126,0.0605,0.609
Strumigenys margaritae,casent0914601,0.451,0.586,0.163,0.0835,0.54
Strumigenys margaritae,casent0104473,0.39,0.573,0.11,0.066,0.52
Strumigenys schmittii,,0.749,0.929,0.424,0.0935,1.19
Strumigenys memorialis,CASENT0900167,0.366,0.489,0.14,0.029,0.51
Strumigenys membranifera,casent0023769,0.39,0.424,0.123,NA,0.493
Strumigenys membranifera,casent0104518,0.413,0.441,0.133,NA,0.538
Strumigenys membranifera,casent0171134,0.393,0.432,0.12,NA,0.506
Strumigenys membranifera,casent0173252,0.415,0.447,0.136,NA,0.537
Strumigenys membranifera,casent0133285,0.42,0.443,0.09,0.02,0.515
Strumigenys metazytes,CASENT0900169,0.357,0.466,0.102,0.027,0.499
Strumigenys missouriensis,casent0104475,0.369,0.522,0.117,NA,0.518
Strumigenys missouriensis,casent0104893,0.4,0.505,0.09,0.0355,0.57
Strumigenys ornata,casent0900174,0.369,0.518,0.128,NA,0.547
Strumigenys ornata,casent0915951,0.347,0.494,0.109,NA,0.549
Strumigenys ornata,casent0104478,0.365,0.496,0.07,0.0305,0.54
Strumigenys pergandei,ANTWEB1041767,0.374,0.502,0.134,0.034,0.505
Strumigenys pergandei,CASENT0104882,0.388,0.508,0.165,NA,0.541
Strumigenys pergandei,CASENT0904956,0.5,0.675,0.22,0.054,0.731
Strumigenys pilinasis,casent0104477,0.414,0.562,0.181,NA,0.681
Strumigenys pilinasis,casent0105668,0.42,0.553,0.19,NA,0.66
Strumigenys pilinasis,casent0909339,0.402,0.544,0.175,NA,0.6
Strumigenys pilinasis,CASENT0104477,0.445,NA,0.14,0.047,0.62
Strumigenys pulchella,casent0104483,0.365,0.526,0.085,0.035,0.56
Strumigenys reflexa,casent0900168,0.403,0.527,0.166,NA,0.564
Strumigenys reflexa,casent0104485,0.4,0.523,0.08,0.03,0.54
Strumigenys rogeri,casent0060341,0.413,0.497,0.308,0.058,0.608
Strumigenys rogeri,casent0102080,0.455,0.535,0.366,0.057,0.589
Strumigenys rogeri,casent0104529,0.419,0.501,0.304,0.0535,0.577
Strumigenys rogeri,casent0914774,0.447,0.52,0.319,0.0535,0.564
Strumigenys rogeri,casent0005897,0.47,0.525,0.35,0.0485,0.62
Strumigenys rohweri,CASENT0105662,0.375,0.5,0.134,NA,0.591
Strumigenys rohweri,CASENT0900172,0.373,0.573,0.14,NA,0.672
Strumigenys rostrata,casent0900164,0.48,0.699,0.192,NA,0.746
Strumigenys rostrata,casent0904955,0.487,0.686,0.176,NA,0.77
Strumigenys rostrata,focol2172,0.452,0.664,0.159,NA,0.702
Strumigenys rostrata,casent0104486,0.445,0.619,0.12,0.048,0.65
Strumigenys silvestrii,casent0104531,0.356,0.409,0.263,NA,0.471
Strumigenys silvestrii,casent0900476,0.349,0.421,0.25,NA,0.507
Strumigenys silvestrii,casent0904937,0.371,0.425,0.271,NA,0.497
Strumigenys silvestrii,fmnhins0000078527,0.342,0.4,0.251,NA,0.468
Strumigenys silvestrii,casent0178128,0.35,0.385,0.24,0.026,0.43
Strumigenys talpa,casent0102557,0.387,0.576,0.132,NA,0.581
Strumigenys talpa,casent0103123,0.405,0.589,0.134,NA,0.584
Strumigenys talpa,casent0900171,0.326,0.477,0.119,NA,0.557
Strumigenys talpa,casent0104490,0.375,0.543,0.095,0.038,0.545
Strumigenys talpa,casent0103172,0.33,0.5,0.09,0.033,0.48
Strumigenys wrayi,casent0104491,0.375,0.571,0.08,NA,0.53
Syllophopsis subcoeca,CASENT0904581,0.316,0.374,0.187,0.0225,0.4
Syllophopsis subcoeca,CASENT0923382,0.268,0.323,0.153,0.017,0.385
Syllophopsis subcoeca,CASENT0923383,0.253,0.323,0.142,0.017,0.355
Tapinoma litorale,casent0104532,0.457,0.496,0.216,0.0995,0.436
Tapinoma litorale,casent0249762,0.46,0.479,0.216,0.115,0.564
Tapinoma litorale,fmnhins0000078515,0.475,0.498,0.249,0.1175,0.585
Tapinoma litorale,casent0249763,0.51,0.524,0.134,0.0935,0.615
Tapinoma melanocephalum,casent0005325,0.404,0.457,0.191,0.1155,0.496
Tapinoma melanocephalum,casent0008659,0.378,0.446,0.171,0.1115,0.541
Tapinoma melanocephalum,casent0171078,0.401,0.461,0.224,0.109,0.565
Tapinoma melanocephalum,fmnhins0000078516,0.411,0.482,0.226,0.1195,0.536
Tapinoma melanocephalum,casent0104536,0.43,0.498,0.0825,0.1235,0.541
Tapinoma sessile,casent0104535,0.715,0.737,0.315,0.203,0.959
Tapinoma sessile,casent0172857,0.544,0.612,0.305,0.1455,0.761
Tapinoma sessile,casent0923117,0.508,0.604,0.257,0.159,0.72
Tapinoma sessile,jtlc000014295,0.848,0.809,0.382,0.1915,0.977
Tapinoma sessile,casent0005329,0.6805,0.746,0.143,0.189,0.924
Technomyrmex difficilis,casent0003175,0.604,0.624,0.274,0.1485,0.746
Technomyrmex difficilis,casent0003318,0.533,0.572,0.238,0.159,0.818
Technomyrmex difficilis,casent0101079,0.554,0.579,0.29,0.15,0.767
Technomyrmex difficilis,fmnhins0000078517,0.565,0.6,0.251,0.1625,0.857
Technomyrmex difficilis,casent0171131,0.7475,0.8,0.162,0.197,0.691
Temnothorax ambiguus,CASENT0000392,0.587,0.672,0.296,0.146,0.742
Temnothorax ambiguus,CASENT0104803,0.526,0.614,0.26,0.1435,0.748
Temnothorax ambiguus,CASENT0915985,0.466,0.54,0.234,0.122,0.662
Temnothorax americanus,CASENT0003235,0.664,0.807,0.274,0.1495,0.879
Temnothorax americanus,CASENT0006099,0.66,0.831,0.256,0.18,0.854
Temnothorax americanus,CASENT0104553,0.663,0.821,0.277,0.17,0.883
Temnothorax americanus,CASENT0105656,0.753,0.822,0.312,0.1815,0.982
Temnothorax allardycei,casent0105614,0.435,0.49,0.198,0.1585,0.931
Temnothorax allardycei,fmnhins0000088652,0.634,0.714,0.277,0.186,0.857
Temnothorax allardycei,casent0104009,0.656,0.736,0.103,0.1725,0.851
Temnothorax bradleyi,casent0105869,0.811,0.823,0.425,0.1515,1.009
Temnothorax bradleyi,casent0104011,0.6515,0.751,0.096,0.121,0.968
Temnothorax curvispinosus,casent0003234,0.437,0.519,0.224,0.1305,0.612
Temnothorax curvispinosus,casent0104040,0.539,0.636,0.265,NA,0.764
Temnothorax curvispinosus,casent0901789,0.519,0.557,0.284,0.157,0.753
Temnothorax curvispinosus,casent0919744,0.402,0.464,0.19,0.124,0.566
Temnothorax curvispinosus,casent0104032,0.487,0.564,0.0855,0.122,0.7005
Temnothorax duloticus,ANTWEB1008479,0.578,0.664,0.303,0.1585,0.872
Temnothorax duloticus,CASENT0103163,0.466,0.578,0.227,0.1425,0.828
Temnothorax duloticus,CASENT0105626,0.623,0.702,0.293,0.1675,0.861
Temnothorax longispinosus,CASENT0105559,0.564,0.626,0.293,0.13,0.725
Temnothorax longispinosus,CASENT0914508,0.512,0.584,0.271,0.2035,1.462
Temnothorax minutissimus,CASENT0105621,0.567,0.68,0.288,NA,0.744
Temnothorax palustris,casent0104045,0.503,0.648,0.086,0.124,0.773
Temnothorax pergandei,casent0104016,0.627,0.727,0.327,0.169,0.922
Temnothorax pergandei,casent0104027,0.591,0.678,0.341,0.15,0.972
Temnothorax pergandei,casent0172994,0.669,0.742,0.342,0.1765,0.992
Temnothorax pergandei,casent0904768,0.609,0.703,0.347,0.1655,0.967
Temnothorax pergandei,fmnhins0000088653,0.591,0.687,0.364,0.1675,0.949
Temnothorax pergandei,casent0102842,0.6175,0.733,0.1035,0.1805,0.9465
Temnothorax schaumii,casent0104050,0.641,0.718,0.285,0.163,0.874
Temnothorax schaumii,casent0909059,0.622,0.708,0.308,0.152,0.843
Temnothorax schaumii,casent0919745,0.486,0.541,0.215,0.1175,0.666
Temnothorax schaumii,casent0104047,0.4515,0.573,0.0635,0.1195,0.7725
Temnothorax smithi,casent0105866,0.929,0.987,0.47,0.1745,1.143
Temnothorax smithi,casent0104053,0.887,1.017,0.119,0.169,1.033
Temnothorax texanus,casent0923379,0.466,0.571,0.281,0.1305,0.725
Temnothorax texanus,casent0104063,0.4325,0.572,0.08,0.116,0.728
Temnothorax torrei,casent0104057,0.394,0.498,0.197,0.109,0.604
Temnothorax torrei,casent0104776,0.352,0.47,0.176,0.095,0.484
Temnothorax torrei,mczent00016562,0.413,0.523,0.205,0.1045,0.552
Temnothorax torrei,mczent00583611,0.416,0.515,0.197,0.1105,0.561
Temnothorax torrei,fmnhins0000088654,0.407,0.51,0.0375,0.1025,0.5405
Temnothorax tuscaloosae,CASENT0105628,0.455,0.524,0.231,0.1145,0.623
Temnothorax tuscaloosae,CASENT0172600,0.451,0.543,0.25,NA,0.617
Tetramorium bicarinatum,casent0059100,0.783,0.875,0.452,0.218,1.215
Tetramorium bicarinatum,casent0060334,0.803,0.919,0.465,0.221,1.156
Tetramorium bicarinatum,casent0102737,0.894,0.996,0.505,0.2385,1.26
Tetramorium bicarinatum,casent0171032,0.727,0.82,0.406,0.2135,1.068
Tetramorium bicarinatum,casent0005826,0.735,0.862,0.183,0.2085,1.0515
Tetramorium caldarium,casent0102738,0.462,0.551,0.284,0.1225,0.608
Tetramorium caldarium,casent0125225,0.488,0.534,0.274,NA,0.693
Tetramorium caldarium,casent0171084,0.459,0.527,0.254,0.1245,0.645
Tetramorium caldarium,fmnhins0000078518,0.465,0.521,0.247,0.115,0.627
Tetramorium caldarium,casent0102333,0.453,0.506,0.107,0.1085,0.6595
Tetramorium immigrans,CASENT0005827,0.516,0.553,0.264,0.142,1.205
Tetramorium immigrans,CASENT0106026,0.913,0.952,0.515,0.1875,1.261
Tetramorium immigrans,CASENT0913997,0.774,0.86,0.458,0.181,1.158
Tetramorium lanuginosum,casent0102740,0.592,0.65,0.333,NA,0.755
Tetramorium lanuginosum,casent0171128,0.633,0.651,0.332,0.15,0.749
Tetramorium lanuginosum,casent0173289,0.618,0.67,0.363,NA,0.67
Tetramorium lanuginosum,casent0909094,0.598,0.634,0.323,NA,0.727
Tetramorium lanuginosum,fmnhins0000088655,0.5685,0.631,1.2685,0.123,0.7285
Tetramorium simillimum,casent0102742,0.488,0.541,0.27,0.108,0.606
Tetramorium simillimum,casent0102937,0.518,0.557,0.277,0.1055,0.628
Tetramorium simillimum,casent0171034,0.466,0.514,0.245,0.1045,0.601
Tetramorium simillimum,fmnhins0000088656,0.498,0.561,0.276,0.1155,0.627
Tetramorium simillimum,casent0102390,0.469,0.519,0.1185,0.1,0.671
Tetramorium tsushimae,CASENT0103102,0.613,0.696,0.388,0.14,0.866
Tetramorium tsushimae,CASENT0901253,0.786,0.838,0.419,0.1735,1.004
Tetramorium tsushimae,CASENT0904809,0.654,0.693,0.369,0.1325,0.843
Tetramorium tsushimae,CASENT0915089,0.766,0.836,0.48,0.158,1.08
Tetramorium tsushimae,CASENT0915090,0.741,0.775,0.383,NA,1.077
Trachymyrmex jamaicensis,casent0102743,1.389,1.168,0.669,0.2605,2.135
Trachymyrmex jamaicensis,casent0909393,1.501,1.259,0.92,0.3095,2.186
Trachymyrmex jamaicensis,casent0912523,1.541,1.347,0.94,0.3,2.479
Trachymyrmex jamaicensis,casent0919971,1.319,1.158,0.4185,0.23,1.9805
Trachymyrmex septentrionalis,casent0003337,0.988,0.969,0.558,0.1775,1.389
Trachymyrmex septentrionalis,casent0919975,1.0305,0.944,0.31,0.164,1.507
Trichomyrmex destructor,CASENT0073621,0.47,0.537,NA,NA,0.654
Trichomyrmex destructor,CASENT0104076,0.435,0.525,0.234,0.0935,0.722
Trichomyrmex destructor,CASENT0125190,0.464,0.59,0.253,0.0885,0.654
Trichomyrmex destructor,CASENT0171070,0.596,0.655,0.316,0.102,0.77
Trichomyrmex destructor,CASENT0246070,0.536,0.622,0.242,0.1,0.736
Wasmannia auropunctata,casent0005064,0.399,0.435,NA,NA,0.465
Wasmannia auropunctata,casent0005665,0.383,0.407,0.192,NA,0.448
Wasmannia auropunctata,casent0039797,0.413,0.457,0.201,0.1045,0.496
Wasmannia auropunctata,casent0909212,0.365,0.405,0.184,0.091,0.447
Wasmannia auropunctata,casent0097874,0.399,0.423,0.198,0.1075,0.487
Wasmannia auropunctata,casent0097874,0.3945,0.425,0.0795,0.082,0.4795
Xenomyrmex floridanus,casent0000499,0.428,0.481,0.162,0.0915,0.539
Xenomyrmex floridanus,casent0104541,0.466,0.544,0.205,0.0945,0.61
Xenomyrmex floridanus,casent0106053,0.411,0.475,0.174,0.0965,0.548
Xenomyrmex floridanus,casent0904614,0.429,0.484,0.201,0.094,0.576
Xenomyrmex floridanus,fmnhins0000078519,0.416,0.47,0.06,0.0725,0.578